S.No,Crop,District,Year,Min Temp,Max. Temp,Total Rainfall,Total Yield,Crop_Type,estimated price
1,bengal gram,ADILABAD,2020,12.34,42.66,1130.15,1551,Rabi,75611.25
10,bengal gram,BHADRADRI,2020,16.42,42.65,1145.008696,0,Rabi,0
19,bengal gram,HYDERABAD,2020,17.52,41.88,885.48125,0,Rabi,0
28,bengal gram,JAGTIAL,2020,12.84,43.34,960.3555556,1299,Rabi,63326.25
37,bengal gram,JANGAON,2020,15.99,41.87,978.6769231,1299,Rabi,63326.25
46,bengal gram,JAYASHANKAR,2020,14.45,42.74,1135.705,1299,Rabi,63326.25
55,bengal gram,JOGULAMBA,2020,16.79,42.73,540,657,Rabi,32028.75
64,bengal gram,KAMAREDDY,2020,13.45,42.33,1096.881818,1340,Rabi,65325
73,bengal gram,KARIMNAGAR,2020,14.99,42.86,900.4125,1299,Rabi,63326.25
82,bengal gram,KHAMMAM,2020,17.66,42.25,777.5047619,1299,Rabi,63326.25
91,bengal gram,KOMARAM BHEEM,2020,12.65,42.13,1119.48,1881,Rabi,91698.75
100,bengal gram,MAHABUBABAD,2020,16.19,42.95,938.4625,1299,Rabi,63326.25
109,bengal gram,MAHABUBNAGAR,2020,15.42,42.19,579.4384615,1299,Rabi,63326.25
118,bengal gram,MANCHERIAL,2020,14.15,42.94,1116.6,1299,Rabi,63326.25
127,bengal gram,MEDAK,2020,13.57,42.09,1005.09,1060,Rabi,51675
136,bengal gram,MEDCHAL MALKAJG,2020,15.78,41.72,946.8857143,1299,Rabi,63326.25
145,bengal gram,NAGARKURNOOL,2020,15.79,42.24,543.63,1299,Rabi,63326.25
154,bengal gram,NALGONDA,2020,17.13,42.72,785.216129,1299,Rabi,63326.25
163,bengal gram,NIRMAL,2020,13.39,42.97,1247.821053,1173,Rabi,57183.75
172,bengal gram,NIZAMABAD,2020,13.68,42.79,1252.888889,1558,Rabi,75952.5
181,bengal gram,PEDDAPALLI,2020,14.89,42.81,941.8571429,1299,Rabi,63326.25
190,bengal gram,RAJANNA,2020,13.15,42.95,1018.907692,1299,Rabi,63326.25
199,bengal gram,RANGAREDDY,2020,14.39,41.39,635.7481481,1477,Rabi,72003.75
208,bengal gram,SANGAREDDY,2020,12.83,41.8,942.6538462,1421,Rabi,69273.75
217,bengal gram,SIDDIPET,2020,14.57,41.56,894.1818182,1423,Rabi,69371.25
226,bengal gram,SURYAPET,2020,17.53,42.48,764.6434783,1299,Rabi,63326.25
235,bengal gram,VIKARABAD,2020,14.04,41.63,943.2,1576,Rabi,76830
244,bengal gram,WANAPARTHY,2020,17.18,42.46,572.2,1299,Rabi,63326.25
253,bengal gram,WARANGAL RURAL,2020,15.17,42.37,1075.166667,1299,Rabi,63326.25
262,bengal gram,WARANGAL URBAN,2020,15.79,42.57,1290.163636,1299,Rabi,63326.25
271,bengal gram,YADADRI,2020,15.99,41.75,719.83125,1299,Rabi,63326.25
2,bengal gram,ADILABAD,2019,12.69,41.62,848.3227778,1742,Rabi,80480.4
11,bengal gram,BHADRADRI,2019,15.89,41.41,908.6626087,1516,Rabi,70039.2
20,bengal gram,HYDERABAD,2019,17.67,39.85,774.113125,0,Rabi,0
29,bengal gram,JAGTIAL,2019,13.49,42.14,540.5316667,1516,Rabi,70039.2
38,bengal gram,JANGAON,2019,14.92,40.56,597.5669231,1516,Rabi,70039.2
47,bengal gram,JAYASHANKAR,2019,13.76,42.04,815.85,1516,Rabi,70039.2
56,bengal gram,JOGULAMBA,2019,16.42,40.7,525.2658333,1312,Rabi,60614.4
65,bengal gram,KAMAREDDY,2019,13.21,40.59,757.7286364,1687,Rabi,77939.4
74,bengal gram,KARIMNAGAR,2019,14.33,41.97,585.4225,1516,Rabi,70039.2
83,bengal gram,KHAMMAM,2019,16.93,41.13,789.8538095,1516,Rabi,70039.2
92,bengal gram,KOMARAM BHEEM,2019,12.73,41.52,654.488,1240,Rabi,57288
101,bengal gram,MAHABUBABAD,2019,14.93,41.27,805.589375,1516,Rabi,70039.2
110,bengal gram,MAHABUBNAGAR,2019,14.97,40.5,569.9465385,1516,Rabi,70039.2
119,bengal gram,MANCHERIAL,2019,13.61,42.67,628.4933333,1516,Rabi,70039.2
128,bengal gram,MEDAK,2019,13.78,40.25,563.8815,1341,Rabi,61954.2
137,bengal gram,MEDCHAL MALKAJG,2019,15.64,40.28,804.51,1516,Rabi,70039.2
146,bengal gram,NAGARKURNOOL,2019,15.29,39.95,422.9185,1516,Rabi,70039.2
155,bengal gram,NALGONDA,2019,16.6,41.07,534.0377419,1516,Rabi,70039.2
164,bengal gram,NIRMAL,2019,13.25,41.49,691.0947368,1072,Rabi,49526.4
173,bengal gram,NIZAMABAD,2019,14.04,41.19,617.5703704,1675,Rabi,77385
182,bengal gram,PEDDAPALLI,2019,13.76,42.17,549.5485714,1516,Rabi,70039.2
191,bengal gram,RAJANNA,2019,12.78,41.48,526.4469231,1516,Rabi,70039.2
200,bengal gram,RANGAREDDY,2019,14.6,39.61,578.7140741,1403,Rabi,64818.6
209,bengal gram,SANGAREDDY,2019,13.57,39.79,661.6261538,1366,Rabi,63109.2
218,bengal gram,SIDDIPET,2019,13.76,40.15,593.945,1315,Rabi,60753
227,bengal gram,SURYAPET,2019,16.75,41.01,601.9147826,1516,Rabi,70039.2
236,bengal gram,VIKARABAD,2019,14.1,40.01,521.8055556,1440,Rabi,66528
245,bengal gram,WANAPARTHY,2019,16.49,40.71,504.1507143,2132,Rabi,98498.4
254,bengal gram,WARANGAL RURAL,2019,14.67,41.3,834.2066667,1516,Rabi,70039.2
263,bengal gram,WARANGAL URBAN,2019,14.9,41.37,674.2163636,1516,Rabi,70039.2
272,bengal gram,YADADRI,2019,15.15,40.63,553.403125,1516,Rabi,70039.2
3,bengal gram,ADILABAD,2018,12.46,41.66,884.2918056,1858,Rabi,85839.6
12,bengal gram,BHADRADRI,2018,15.98,41.41,976.2786957,0,Rabi,0
21,bengal gram,HYDERABAD,2018,17.75,39.8,635.1501563,0,Rabi,0
30,bengal gram,JAGTIAL,2018,13.81,42.12,695.97875,1569,Rabi,72487.8
39,bengal gram,JANGAON,2018,15.21,40.52,682.6244231,1569,Rabi,72487.8
48,bengal gram,JAYASHANKAR,2018,13.75,42.09,973.075,1569,Rabi,72487.8
57,bengal gram,JOGULAMBA,2018,16.6,40.57,453.645625,411,Rabi,18988.2
66,bengal gram,KAMAREDDY,2018,13.47,40.66,686.9798864,1617,Rabi,74705.4
75,bengal gram,KARIMNAGAR,2018,14.29,41.84,646.7978125,1569,Rabi,72487.8
84,bengal gram,KHAMMAM,2018,17.28,41.22,714.6277381,1569,Rabi,72487.8
93,bengal gram,KOMARAM BHEEM,2018,12.41,41.67,857.882,1766,Rabi,81589.2
102,bengal gram,MAHABUBABAD,2018,15.28,41.49,807.1160938,0,Rabi,0
111,bengal gram,MAHABUBNAGAR,2018,15.48,40.06,474.7356731,1569,Rabi,72487.8
120,bengal gram,MANCHERIAL,2018,13.37,42.55,831.5677778,1569,Rabi,72487.8
129,bengal gram,MEDAK,2018,14.14,40.07,616.112875,1203,Rabi,55578.6
138,bengal gram,MEDCHAL MALKAJG,2018,15.58,39.91,632.5989286,1569,Rabi,72487.8
147,bengal gram,NAGARKURNOOL,2018,15.58,39.9,429.269625,1569,Rabi,72487.8
156,bengal gram,NALGONDA,2018,17.15,41.18,546.1699194,1569,Rabi,72487.8
165,bengal gram,NIRMAL,2018,13.33,41.83,803.0723684,1842,Rabi,85100.4
174,bengal gram,NIZAMABAD,2018,14.22,41.39,703.7388889,1824,Rabi,84268.8
183,bengal gram,PEDDAPALLI,2018,14.06,42.38,714.3871429,1569,Rabi,72487.8
192,bengal gram,RAJANNA,2018,12.84,41.38,635.6290385,1569,Rabi,72487.8
201,bengal gram,RANGAREDDY,2018,14.66,39.1,491.5461111,1138,Rabi,52575.6
210,bengal gram,SANGAREDDY,2018,13.67,39.63,612.2584615,1268,Rabi,58581.6
219,bengal gram,SIDDIPET,2018,13.8,39.92,597.5453409,2257,Rabi,104273.4
228,bengal gram,SURYAPET,2018,17.51,41.36,585.3026087,1569,Rabi,72487.8
237,bengal gram,VIKARABAD,2018,14.49,39.32,609.0333333,1611,Rabi,74428.2
246,bengal gram,WANAPARTHY,2018,16.89,40.41,488.7001786,2140,Rabi,98868
255,bengal gram,WARANGAL RURAL,2018,14.71,41.22,851.1166667,1569,Rabi,72487.8
264,bengal gram,WARANGAL URBAN,2018,15.09,41.29,808.2336364,1569,Rabi,72487.8
273,bengal gram,YADADRI,2018,15.31,40.33,513.0085938,1569,Rabi,72487.8
4,groundnut,ADILABAD,2020,12.34,42.66,1130.15,2068,Kharif,95541.6
13,groundnut,BHADRADRI,2020,16.42,42.65,1145.008696,2186,Kharif,100993.2
22,groundnut,HYDERABAD,2020,17.52,41.88,885.48125,0,Kharif,0
31,groundnut,JAGTIAL,2020,12.84,43.34,960.3555556,1794,Kharif,82882.8
40,groundnut,JANGAON,2020,15.99,41.87,978.6769231,1516,Kharif,70039.2
49,groundnut,JAYASHANKAR,2020,14.45,42.74,1135.705,2151,Kharif,99376.2
58,groundnut,JOGULAMBA,2020,16.79,42.73,540,2025,Kharif,93555
67,groundnut,KAMAREDDY,2020,13.45,42.33,1096.881818,2068,Kharif,95541.6
76,groundnut,KARIMNAGAR,2020,14.99,42.86,900.4125,2411,Kharif,111388.2
85,groundnut,KHAMMAM,2020,17.66,42.25,777.5047619,1590,Kharif,73458
94,groundnut,KOMARAM BHEEM,2020,12.65,42.13,1119.48,2068,Kharif,95541.6
103,groundnut,MAHABUBABAD,2020,16.19,42.95,938.4625,1353,Kharif,62508.6
112,groundnut,MAHABUBNAGAR,2020,15.42,42.19,579.4384615,1844,Kharif,85192.8
121,groundnut,MANCHERIAL,2020,14.15,42.94,1116.6,2066,Kharif,95449.2
130,groundnut,MEDAK,2020,13.57,42.09,1005.09,2062,Kharif,95264.4
139,groundnut,MEDCHAL MALKAJG,2020,15.78,41.72,946.8857143,0,Kharif,0
148,groundnut,NAGARKURNOOL,2020,15.79,42.24,543.63,2261,Kharif,104458.2
157,groundnut,NALGONDA,2020,17.13,42.72,785.216129,1463,Kharif,67590.6
166,groundnut,NIRMAL,2020,13.39,42.97,1247.821053,2068,Kharif,95541.6
175,groundnut,NIZAMABAD,2020,13.68,42.79,1252.888889,2044,Kharif,94432.8
184,groundnut,PEDDAPALLI,2020,14.89,42.81,941.8571429,2068,Kharif,95541.6
193,groundnut,RAJANNA,2020,13.15,42.95,1018.907692,2068,Kharif,95541.6
202,groundnut,RANGAREDDY,2020,14.39,41.39,635.7481481,2068,Kharif,95541.6
211,groundnut,SANGAREDDY,2020,12.83,41.8,942.6538462,2049,Kharif,94663.8
220,groundnut,SIDDIPET,2020,14.57,41.56,894.1818182,2066,Kharif,95449.2
229,groundnut,SURYAPET,2020,17.53,42.48,764.6434783,1429,Kharif,66019.8
238,groundnut,VIKARABAD,2020,14.04,41.63,943.2,1745,Kharif,80619
247,groundnut,WANAPARTHY,2020,17.18,42.46,572.2,2330,Kharif,107646
256,groundnut,WARANGAL RURAL,2020,15.17,42.37,1075.166667,3265,Kharif,150843
265,groundnut,WARANGAL URBAN,2020,15.79,42.57,1290.163636,2416,Kharif,111619.2
274,groundnut,YADADRI,2020,15.99,41.75,719.83125,1736,Kharif,80203.2
5,groundnut,ADILABAD,2019,12.69,41.62,848.3227778,2236,Kharif,103303.2
14,groundnut,BHADRADRI,2019,15.89,41.41,908.6626087,2815,Kharif,130053
23,groundnut,HYDERABAD,2019,17.67,39.85,774.113125,0,Kharif,0
32,groundnut,JAGTIAL,2019,13.49,42.14,540.5316667,1453,Kharif,67128.6
41,groundnut,JANGAON,2019,14.92,40.56,597.5669231,1769,Kharif,81727.8
50,groundnut,JAYASHANKAR,2019,13.76,42.04,815.85,1792,Kharif,82790.4
59,groundnut,JOGULAMBA,2019,16.42,40.7,525.2658333,2363,Kharif,109170.6
68,groundnut,KAMAREDDY,2019,13.21,40.59,757.7286364,2236,Kharif,103303.2
77,groundnut,KARIMNAGAR,2019,14.33,41.97,585.4225,1603,Kharif,74058.6
86,groundnut,KHAMMAM,2019,16.93,41.13,789.8538095,2126,Kharif,98221.2
95,groundnut,KOMARAM BHEEM,2019,12.73,41.52,654.488,0,Kharif,0
104,groundnut,MAHABUBABAD,2019,14.93,41.27,805.589375,1526,Kharif,70501.2
113,groundnut,MAHABUBNAGAR,2019,14.97,40.5,569.9465385,2332,Kharif,107738.4
122,groundnut,MANCHERIAL,2019,13.61,42.67,628.4933333,2237,Kharif,103349.4
131,groundnut,MEDAK,2019,13.78,40.25,563.8815,2229,Kharif,102979.8
140,groundnut,MEDCHAL MALKAJG,2019,15.64,40.28,804.51,0,Kharif,0
149,groundnut,NAGARKURNOOL,2019,15.29,39.95,422.9185,2300,Kharif,106260
158,groundnut,NALGONDA,2019,16.6,41.07,534.0377419,1932,Kharif,89258.4
167,groundnut,NIRMAL,2019,13.25,41.49,691.0947368,2236,Kharif,103303.2
176,groundnut,NIZAMABAD,2019,14.04,41.19,617.5703704,2226,Kharif,102841.2
185,groundnut,PEDDAPALLI,2019,13.76,42.17,549.5485714,2236,Kharif,103303.2
194,groundnut,RAJANNA,2019,12.78,41.48,526.4469231,2236,Kharif,103303.2
203,groundnut,RANGAREDDY,2019,14.6,39.61,578.7140741,3023,Kharif,139662.6
212,groundnut,SANGAREDDY,2019,13.57,39.79,661.6261538,2236,Kharif,103303.2
221,groundnut,SIDDIPET,2019,13.76,40.15,593.945,1760,Kharif,81312
230,groundnut,SURYAPET,2019,16.75,41.01,601.9147826,1928,Kharif,89073.6
239,groundnut,VIKARABAD,2019,14.1,40.01,521.8055556,2045,Kharif,94479
248,groundnut,WANAPARTHY,2019,16.49,40.71,504.1507143,2141,Kharif,98914.2
257,groundnut,WARANGAL RURAL,2019,14.67,41.3,834.2066667,3281,Kharif,151582.2
266,groundnut,WARANGAL URBAN,2019,14.9,41.37,674.2163636,2230,Kharif,103026
275,groundnut,YADADRI,2019,15.15,40.63,553.403125,2207,Kharif,101963.4
6,groundnut,ADILABAD,2018,12.46,41.66,884.2918056,2489,Kharif,110760.5
15,groundnut,BHADRADRI,2018,15.98,41.41,976.2786957,2370,Kharif,105465
24,groundnut,HYDERABAD,2018,17.75,39.8,635.1501563,0,Kharif,0
33,groundnut,JAGTIAL,2018,13.81,42.12,695.97875,1427,Kharif,63501.5
42,groundnut,JANGAON,2018,15.21,40.52,682.6244231,1583,Kharif,70443.5
51,groundnut,JAYASHANKAR,2018,13.75,42.09,973.075,2141,Kharif,95274.5
60,groundnut,JOGULAMBA,2018,16.6,40.57,453.645625,2480,Kharif,110360
69,groundnut,KAMAREDDY,2018,13.47,40.66,686.9798864,2489,Kharif,110760.5
78,groundnut,KARIMNAGAR,2018,14.29,41.84,646.7978125,2700,Kharif,120150
87,groundnut,KHAMMAM,2018,17.28,41.22,714.6277381,2245,Kharif,99902.5
96,groundnut,KOMARAM BHEEM,2018,12.41,41.67,857.882,2504,Kharif,111428
105,groundnut,MAHABUBABAD,2018,15.28,41.49,807.1160938,1622,Kharif,72179
114,groundnut,MAHABUBNAGAR,2018,15.48,40.06,474.7356731,2235,Kharif,99457.5
123,groundnut,MANCHERIAL,2018,13.37,42.55,831.5677778,2489,Kharif,110760.5
132,groundnut,MEDAK,2018,14.14,40.07,616.112875,2491,Kharif,110849.5
141,groundnut,MEDCHAL MALKAJG,2018,15.58,39.91,632.5989286,0,Kharif,0
150,groundnut,NAGARKURNOOL,2018,15.58,39.9,429.269625,2455,Kharif,109247.5
159,groundnut,NALGONDA,2018,17.15,41.18,546.1699194,1748,Kharif,77786
168,groundnut,NIRMAL,2018,13.33,41.83,803.0723684,2489,Kharif,110760.5
177,groundnut,NIZAMABAD,2018,14.22,41.39,703.7388889,2496,Kharif,111072
186,groundnut,PEDDAPALLI,2018,14.06,42.38,714.3871429,2489,Kharif,110760.5
195,groundnut,RAJANNA,2018,12.84,41.38,635.6290385,2489,Kharif,110760.5
204,groundnut,RANGAREDDY,2018,14.66,39.1,491.5461111,2711,Kharif,120639.5
213,groundnut,SANGAREDDY,2018,13.67,39.63,612.2584615,2491,Kharif,110849.5
222,groundnut,SIDDIPET,2018,13.8,39.92,597.5453409,2268,Kharif,100926
231,groundnut,SURYAPET,2018,17.51,41.36,585.3026087,1791,Kharif,79699.5
240,groundnut,VIKARABAD,2018,14.49,39.32,609.0333333,2458,Kharif,109381
249,groundnut,WANAPARTHY,2018,16.89,40.41,488.7001786,3073,Kharif,136748.5
258,groundnut,WARANGAL RURAL,2018,14.71,41.22,851.1166667,3167,Kharif,140931.5
267,groundnut,WARANGAL URBAN,2018,15.09,41.29,808.2336364,2489,Kharif,110760.5
276,groundnut,YADADRI,2018,15.31,40.33,513.0085938,2500,Kharif,111250
7,maize,ADILABAD,2020,12.34,42.66,1130.15,5712,Kharif,105672
16,maize,BHADRADRI,2020,16.42,42.65,1145.008696,6076,Kharif,112406
25,maize,HYDERABAD,2020,17.52,41.88,885.48125,0,Kharif,0
34,maize,JAGTIAL,2020,12.84,43.34,960.3555556,5251,Kharif,97143.5
43,maize,JANGAON,2020,15.99,41.87,978.6769231,4766,Kharif,88171
52,maize,JAYASHANKAR,2020,14.45,42.74,1135.705,5103,Kharif,94405.5
61,maize,JOGULAMBA,2020,16.79,42.73,540,1950,Kharif,36075
70,maize,KAMAREDDY,2020,13.45,42.33,1096.881818,4916,Kharif,90946
79,maize,KARIMNAGAR,2020,14.99,42.86,900.4125,6316,Kharif,116846
88,maize,KHAMMAM,2020,17.66,42.25,777.5047619,5581,Kharif,103248.5
97,maize,KOMARAM BHEEM,2020,12.65,42.13,1119.48,4917,Kharif,90964.5
106,maize,MAHABUBABAD,2020,16.19,42.95,938.4625,4966,Kharif,91871
115,maize,MAHABUBNAGAR,2020,15.42,42.19,579.4384615,1143,Kharif,21145.5
124,maize,MANCHERIAL,2020,14.15,42.94,1116.6,5410,Kharif,100085
133,maize,MEDAK,2020,13.57,42.09,1005.09,2940,Kharif,54390
142,maize,MEDCHAL MALKAJG,2020,15.78,41.72,946.8857143,3293,Kharif,60920.5
151,maize,NAGARKURNOOL,2020,15.79,42.24,543.63,1116,Kharif,20646
160,maize,NALGONDA,2020,17.13,42.72,785.216129,2630,Kharif,48655
169,maize,NIRMAL,2020,13.39,42.97,1247.821053,6300,Kharif,116550
178,maize,NIZAMABAD,2020,13.68,42.79,1252.888889,5433,Kharif,100510.5
187,maize,PEDDAPALLI,2020,14.89,42.81,941.8571429,6306,Kharif,116661
196,maize,RAJANNA,2020,13.15,42.95,1018.907692,4963,Kharif,91815.5
205,maize,RANGAREDDY,2020,14.39,41.39,635.7481481,3132,Kharif,57942
214,maize,SANGAREDDY,2020,12.83,41.8,942.6538462,2666,Kharif,49321
223,maize,SIDDIPET,2020,14.57,41.56,894.1818182,2750,Kharif,50875
232,maize,SURYAPET,2020,17.53,42.48,764.6434783,5651,Kharif,104543.5
241,maize,VIKARABAD,2020,14.04,41.63,943.2,3231,Kharif,59773.5
250,maize,WANAPARTHY,2020,17.18,42.46,572.2,1162,Kharif,21497
259,maize,WARANGAL RURAL,2020,15.17,42.37,1075.166667,6999,Kharif,129481.5
268,maize,WARANGAL URBAN,2020,15.79,42.57,1290.163636,6052,Kharif,111962
277,maize,YADADRI,2020,15.99,41.75,719.83125,1927,Kharif,35649.5
8,maize,ADILABAD,2019,12.69,41.62,848.3227778,9282,Kharif,163363.2
17,maize,BHADRADRI,2019,15.89,41.41,908.6626087,5478,Kharif,96412.8
26,maize,HYDERABAD,2019,17.67,39.85,774.113125,0,Kharif,0
35,maize,JAGTIAL,2019,13.49,42.14,540.5316667,4474,Kharif,78742.4
44,maize,JANGAON,2019,14.92,40.56,597.5669231,5068,Kharif,89196.8
53,maize,JAYASHANKAR,2019,13.76,42.04,815.85,9023,Kharif,158804.8
62,maize,JOGULAMBA,2019,16.42,40.7,525.2658333,5263,Kharif,92628.8
71,maize,KAMAREDDY,2019,13.21,40.59,757.7286364,5300,Kharif,93280
80,maize,KARIMNAGAR,2019,14.33,41.97,585.4225,6026,Kharif,106057.6
89,maize,KHAMMAM,2019,16.93,41.13,789.8538095,6397,Kharif,112587.2
98,maize,KOMARAM BHEEM,2019,12.73,41.52,654.488,4558,Kharif,80220.8
107,maize,MAHABUBABAD,2019,14.93,41.27,805.589375,5717,Kharif,100619.2
116,maize,MAHABUBNAGAR,2019,14.97,40.5,569.9465385,1474,Kharif,25942.4
125,maize,MANCHERIAL,2019,13.61,42.67,628.4933333,3965,Kharif,69784
134,maize,MEDAK,2019,13.78,40.25,563.8815,3929,Kharif,69150.4
143,maize,MEDCHAL MALKAJG,2019,15.64,40.28,804.51,3815,Kharif,67144
152,maize,NAGARKURNOOL,2019,15.29,39.95,422.9185,2052,Kharif,36115.2
161,maize,NALGONDA,2019,16.6,41.07,534.0377419,4755,Kharif,83688
170,maize,NIRMAL,2019,13.25,41.49,691.0947368,7753,Kharif,136452.8
179,maize,NIZAMABAD,2019,14.04,41.19,617.5703704,5464,Kharif,96166.4
188,maize,PEDDAPALLI,2019,13.76,42.17,549.5485714,8924,Kharif,157062.4
197,maize,RAJANNA,2019,12.78,41.48,526.4469231,3122,Kharif,54947.2
206,maize,RANGAREDDY,2019,14.6,39.61,578.7140741,2238,Kharif,39388.8
215,maize,SANGAREDDY,2019,13.57,39.79,661.6261538,3610,Kharif,63536
224,maize,SIDDIPET,2019,13.76,40.15,593.945,3304,Kharif,58150.4
233,maize,SURYAPET,2019,16.75,41.01,601.9147826,6339,Kharif,111566.4
242,maize,VIKARABAD,2019,14.1,40.01,521.8055556,3249,Kharif,57182.4
251,maize,WANAPARTHY,2019,16.49,40.71,504.1507143,3199,Kharif,56302.4
260,maize,WARANGAL RURAL,2019,14.67,41.3,834.2066667,7716,Kharif,135801.6
269,maize,WARANGAL URBAN,2019,14.9,41.37,674.2163636,6851,Kharif,120577.6
278,maize,YADADRI,2019,15.15,40.63,553.403125,3068,Kharif,53996.8
9,maize,ADILABAD,2018,12.46,41.66,884.2918056,4790,Kharif,84304
18,maize,BHADRADRI,2018,15.98,41.41,976.2786957,3983,Kharif,70100.8
27,maize,HYDERABAD,2018,17.75,39.8,635.1501563,0,Kharif,0
36,maize,JAGTIAL,2018,13.81,42.12,695.97875,5860,Kharif,103136
45,maize,JANGAON,2018,15.21,40.52,682.6244231,5611,Kharif,98753.6
54,maize,JAYASHANKAR,2018,13.75,42.09,973.075,7179,Kharif,126350.4
63,maize,JOGULAMBA,2018,16.6,40.57,453.645625,2785,Kharif,49016
72,maize,KAMAREDDY,2018,13.47,40.66,686.9798864,5909,Kharif,103998.4
81,maize,KARIMNAGAR,2018,14.29,41.84,646.7978125,6208,Kharif,109260.8
90,maize,KHAMMAM,2018,17.28,41.22,714.6277381,5892,Kharif,103699.2
99,maize,KOMARAM BHEEM,2018,12.41,41.67,857.882,5053,Kharif,88932.8
108,maize,MAHABUBABAD,2018,15.28,41.49,807.1160938,4246,Kharif,74729.6
117,maize,MAHABUBNAGAR,2018,15.48,40.06,474.7356731,1206,Kharif,21225.6
126,maize,MANCHERIAL,2018,13.37,42.55,831.5677778,4954,Kharif,87190.4
135,maize,MEDAK,2018,14.14,40.07,616.112875,2995,Kharif,52712
144,maize,MEDCHAL MALKAJG,2018,15.58,39.91,632.5989286,2886,Kharif,50793.6
153,maize,NAGARKURNOOL,2018,15.58,39.9,429.269625,667,Kharif,11739.2
162,maize,NALGONDA,2018,17.15,41.18,546.1699194,4900,Kharif,86240
171,maize,NIRMAL,2018,13.33,41.83,803.0723684,7544,Kharif,132774.4
180,maize,NIZAMABAD,2018,14.22,41.39,703.7388889,5716,Kharif,100601.6
189,maize,PEDDAPALLI,2018,14.06,42.38,714.3871429,6612,Kharif,116371.2
198,maize,RAJANNA,2018,12.84,41.38,635.6290385,5608,Kharif,98700.8
207,maize,RANGAREDDY,2018,14.66,39.1,491.5461111,762,Kharif,13411.2
216,maize,SANGAREDDY,2018,13.67,39.63,612.2584615,3130,Kharif,55088
225,maize,SIDDIPET,2018,13.8,39.92,597.5453409,2776,Kharif,48857.6
234,maize,SURYAPET,2018,17.51,41.36,585.3026087,5824,Kharif,102502.4
243,maize,VIKARABAD,2018,14.49,39.32,609.0333333,3295,Kharif,57992
252,maize,WANAPARTHY,2018,16.89,40.41,488.7001786,2958,Kharif,52060.8
261,maize,WARANGAL RURAL,2018,14.71,41.22,851.1166667,7568,Kharif,133196.8
270,maize,WARANGAL URBAN,2018,15.09,41.29,808.2336364,5438,Kharif,95708.8
279,maize,YADADRI,2018,15.31,40.33,513.0085938,2178,Kharif,38332.8
,paddy,ADILABAD,2020,12.34,42.66,1130.15,32708,Kharif,575660.8
,paddy,BHADRADRI,2020,16.42,42.65,1145.008696,39257,Kharif,690923.2
,paddy,HYDERABAD,2020,17.52,41.88,885.48125,0,Kharif,0
,paddy,JAGTIAL,2020,12.84,43.34,960.3555556,37956,Kharif,668025.6
,paddy,JANGAON,2020,15.99,41.87,978.6769231,37081,Kharif,652625.6
,paddy,JAYASHANKAR,2020,14.45,42.74,1135.705,33870,Kharif,596112
,paddy,JOGULAMBA,2020,16.79,42.73,540,29542,Kharif,519939.2
,paddy,KAMAREDDY,2020,13.45,42.33,1096.881818,31569,Kharif,555614.4
,paddy,KARIMNAGAR,2020,14.99,42.86,900.4125,38673,Kharif,680644.8
,paddy,KHAMMAM,2020,17.66,42.25,777.5047619,38691,Kharif,680961.6
,paddy,KOMARAM BHEEM,2020,12.65,42.13,1119.48,39716,Kharif,699001.6
,paddy,MAHABUBABAD,2020,16.19,42.95,938.4625,36272,Kharif,638387.2
,paddy,MAHABUBNAGAR,2020,15.42,42.19,579.4384615,39649,Kharif,697822.4
,paddy,MANCHERIAL,2020,14.15,42.94,1116.6,28809,Kharif,507038.4
,paddy,MEDAK,2020,13.57,42.09,1005.09,36668,Kharif,645356.8
,paddy,MEDCHAL MALKAJG,2020,15.78,41.72,946.8857143,28715,Kharif,505384
,paddy,NAGARKURNOOL,2020,15.79,42.24,543.63,35417,Kharif,623339.2
,paddy,NALGONDA,2020,17.13,42.72,785.216129,30954,Kharif,544790.4
,paddy,NIRMAL,2020,13.39,42.97,1247.821053,37199,Kharif,654702.4
,paddy,NIZAMABAD,2020,13.68,42.79,1252.888889,35499,Kharif,624782.4
,paddy,PEDDAPALLI,2020,14.89,42.81,941.8571429,34140,Kharif,600864
,paddy,RAJANNA,2020,13.15,42.95,1018.907692,39590,Kharif,696784
,paddy,RANGAREDDY,2020,14.39,41.39,635.7481481,38024,Kharif,669222.4
,paddy,SANGAREDDY,2020,12.83,41.8,942.6538462,29447,Kharif,518267.2
,paddy,SIDDIPET,2020,14.57,41.56,894.1818182,37397,Kharif,658187.2
,paddy,SURYAPET,2020,17.53,42.48,764.6434783,30712,Kharif,540531.2
,paddy,VIKARABAD,2020,14.04,41.63,943.2,37736,Kharif,664153.6
,paddy,WANAPARTHY,2020,17.18,42.46,572.2,35527,Kharif,625275.2
,paddy,WARANGAL RURAL,2020,15.17,42.37,1075.166667,39455,Kharif,694408
,paddy,WARANGAL URBAN,2020,15.79,42.57,1290.163636,38698,Kharif,681084.8
,paddy,YADADRI,2020,15.99,41.75,719.83125,39534,Kharif,695798.4
,paddy,ADILABAD,2019,12.69,41.62,848.3227778,32264,Kharif,583978.4
,paddy,BHADRADRI,2019,15.89,41.41,908.6626087,34674,Kharif,627599.4
,paddy,HYDERABAD,2019,17.67,39.85,774.113125,35416,Kharif,641029.6
,paddy,JAGTIAL,2019,13.49,42.14,540.5316667,30590,Kharif,553679
,paddy,JANGAON,2019,14.92,40.56,597.5669231,33769,Kharif,611218.9
,paddy,JAYASHANKAR,2019,13.76,42.04,815.85,38310,Kharif,693411
,paddy,JOGULAMBA,2019,16.42,40.7,525.2658333,37446,Kharif,677772.6
,paddy,KAMAREDDY,2019,13.21,40.59,757.7286364,33537,Kharif,607019.7
,paddy,KARIMNAGAR,2019,14.33,41.97,585.4225,29521,Kharif,534330.1
,paddy,KHAMMAM,2019,16.93,41.13,789.8538095,39230,Kharif,710063
,paddy,KOMARAM BHEEM,2019,12.73,41.52,654.488,38436,Kharif,695691.6
,paddy,MAHABUBABAD,2019,14.93,41.27,805.589375,29376,Kharif,531705.6
,paddy,MAHABUBNAGAR,2019,14.97,40.5,569.9465385,38943,Kharif,704868.3
,paddy,MANCHERIAL,2019,13.61,42.67,628.4933333,31976,Kharif,578765.6
,paddy,MEDAK,2019,13.78,40.25,563.8815,31919,Kharif,577733.9
,paddy,MEDCHAL MALKAJG,2019,15.64,40.28,804.51,35246,Kharif,637952.6
,paddy,NAGARKURNOOL,2019,15.29,39.95,422.9185,35240,Kharif,637844
,paddy,NALGONDA,2019,16.6,41.07,534.0377419,31805,Kharif,575670.5
,paddy,NIRMAL,2019,13.25,41.49,691.0947368,38137,Kharif,690279.7
,paddy,NIZAMABAD,2019,14.04,41.19,617.5703704,36264,Kharif,656378.4
,paddy,PEDDAPALLI,2019,13.76,42.17,549.5485714,39740,Kharif,719294
,paddy,RAJANNA,2019,12.78,41.48,526.4469231,33293,Kharif,602603.3
,paddy,RANGAREDDY,2019,14.6,39.61,578.7140741,36222,Kharif,655618.2
,paddy,SANGAREDDY,2019,13.57,39.79,661.6261538,34024,Kharif,615834.4
,paddy,SIDDIPET,2019,13.76,40.15,593.945,36720,Kharif,664632
,paddy,SURYAPET,2019,16.75,41.01,601.9147826,31796,Kharif,575507.6
,paddy,VIKARABAD,2019,14.1,40.01,521.8055556,31074,Kharif,562439.4
,paddy,WANAPARTHY,2019,16.49,40.71,504.1507143,34310,Kharif,621011
,paddy,WARANGAL RURAL,2019,14.67,41.3,834.2066667,36041,Kharif,652342.1
,paddy,WARANGAL URBAN,2019,14.9,41.37,674.2163636,36172,Kharif,654713.2
,paddy,YADADRI,2019,15.15,40.63,553.403125,31137,Kharif,563579.7
,paddy,ADILABAD,2018,12.46,41.66,884.2918056,31125,Kharif,544687.5
,paddy,BHADRADRI,2018,15.98,41.41,976.2786957,35690,Kharif,624575
,paddy,HYDERABAD,2018,17.75,39.8,635.1501563,37027,Kharif,647972.5
,paddy,JAGTIAL,2018,13.81,42.12,695.97875,32645,Kharif,571287.5
,paddy,JANGAON,2018,15.21,40.52,682.6244231,37075,Kharif,648812.5
,paddy,JAYASHANKAR,2018,13.75,42.09,973.075,37901,Kharif,663267.5
,paddy,JOGULAMBA,2018,16.6,40.57,453.645625,38323,Kharif,670652.5
,paddy,KAMAREDDY,2018,13.47,40.66,686.9798864,29974,Kharif,524545
,paddy,KARIMNAGAR,2018,14.29,41.84,646.7978125,30457,Kharif,532997.5
,paddy,KHAMMAM,2018,17.28,41.22,714.6277381,30347,Kharif,531072.5
,paddy,KOMARAM BHEEM,2018,12.41,41.67,857.882,34537,Kharif,604397.5
,paddy,MAHABUBABAD,2018,15.28,41.49,807.1160938,33561,Kharif,587317.5
,paddy,MAHABUBNAGAR,2018,15.48,40.06,474.7356731,36034,Kharif,630595
,paddy,MANCHERIAL,2018,13.37,42.55,831.5677778,35961,Kharif,629317.5
,paddy,MEDAK,2018,14.14,40.07,616.112875,39090,Kharif,684075
,paddy,MEDCHAL MALKAJG,2018,15.58,39.91,632.5989286,30262,Kharif,529585
,paddy,NAGARKURNOOL,2018,15.58,39.9,429.269625,32585,Kharif,570237.5
,paddy,NALGONDA,2018,17.15,41.18,546.1699194,34162,Kharif,597835
,paddy,NIRMAL,2018,13.33,41.83,803.0723684,39469,Kharif,690707.5
,paddy,NIZAMABAD,2018,14.22,41.39,703.7388889,36098,Kharif,631715
,paddy,PEDDAPALLI,2018,14.06,42.38,714.3871429,37808,Kharif,661640
,paddy,RAJANNA,2018,12.84,41.38,635.6290385,30918,Kharif,541065
,paddy,RANGAREDDY,2018,14.66,39.1,491.5461111,30800,Kharif,539000
,paddy,SANGAREDDY,2018,13.67,39.63,612.2584615,37839,Kharif,662182.5
,paddy,SIDDIPET,2018,13.8,39.92,597.5453409,34051,Kharif,595892.5
,paddy,SURYAPET,2018,17.51,41.36,585.3026087,39114,Kharif,684495
,paddy,VIKARABAD,2018,14.49,39.32,609.0333333,39117,Kharif,684547.5
,paddy,WANAPARTHY,2018,16.89,40.41,488.7001786,38929,Kharif,681257.5
,paddy,WARANGAL RURAL,2018,14.71,41.22,851.1166667,35007,Kharif,612622.5
,paddy,WARANGAL URBAN,2018,15.09,41.29,808.2336364,34147,Kharif,597572.5
,paddy,YADADRI,2018,15.31,40.33,513.0085938,30917,Kharif,541047.5
,chilli,ADILABAD,2020,12.34,42.66,1130.15,2373,Rabi,212383.5
,chilli,BHADRADRI,2020,16.42,42.65,1145.008696,3163,Rabi,283088.5
,chilli,HYDERABAD,2020,17.52,41.88,885.48125,0,Rabi,0
,chilli,JAGTIAL,2020,12.84,43.34,960.3555556,3370,Rabi,301615
,chilli,JANGAON,2020,15.99,41.87,978.6769231,2896,Rabi,259192
,chilli,JAYASHANKAR,2020,14.45,42.74,1135.705,2230,Rabi,199585
,chilli,JOGULAMBA,2020,16.79,42.73,540,3063,Rabi,274138.5
,chilli,KAMAREDDY,2020,13.45,42.33,1096.881818,3004,Rabi,268858
,chilli,KARIMNAGAR,2020,14.99,42.86,900.4125,2777,Rabi,248541.5
,chilli,KHAMMAM,2020,17.66,42.25,777.5047619,3078,Rabi,275481
,chilli,KOMARAM BHEEM,2020,12.65,42.13,1119.48,3245,Rabi,290427.5
,chilli,MAHABUBABAD,2020,16.19,42.95,938.4625,2590,Rabi,231805
,chilli,MAHABUBNAGAR,2020,15.42,42.19,579.4384615,2189,Rabi,195915.5
,chilli,MANCHERIAL,2020,14.15,42.94,1116.6,2373,Rabi,212383.5
,chilli,MEDAK,2020,13.57,42.09,1005.09,2318,Rabi,207461
,chilli,MEDCHAL MALKAJG,2020,15.78,41.72,946.8857143,2874,Rabi,257223
,chilli,NAGARKURNOOL,2020,15.79,42.24,543.63,2732,Rabi,244514
,chilli,NALGONDA,2020,17.13,42.72,785.216129,2272,Rabi,203344
,chilli,NIRMAL,2020,13.39,42.97,1247.821053,2648,Rabi,236996
,chilli,NIZAMABAD,2020,13.68,42.79,1252.888889,2176,Rabi,194752
,chilli,PEDDAPALLI,2020,14.89,42.81,941.8571429,3413,Rabi,305463.5
,chilli,RAJANNA,2020,13.15,42.95,1018.907692,2095,Rabi,187502.5
,chilli,RANGAREDDY,2020,14.39,41.39,635.7481481,3005,Rabi,268947.5
,chilli,SANGAREDDY,2020,12.83,41.8,942.6538462,3094,Rabi,276913
,chilli,SIDDIPET,2020,14.57,41.56,894.1818182,2907,Rabi,260176.5
,chilli,SURYAPET,2020,17.53,42.48,764.6434783,3347,Rabi,299556.5
,chilli,VIKARABAD,2020,14.04,41.63,943.2,3121,Rabi,279329.5
,chilli,WANAPARTHY,2020,17.18,42.46,572.2,2164,Rabi,193678
,chilli,WARANGAL RURAL,2020,15.17,42.37,1075.166667,2445,Rabi,218827.5
,chilli,WARANGAL URBAN,2020,15.79,42.57,1290.163636,2185,Rabi,195557.5
,chilli,YADADRI,2020,15.99,41.75,719.83125,2260,Rabi,202270
,chilli,ADILABAD,2019,12.69,41.62,848.3227778,1977,Rabi,168835.8
,chilli,BHADRADRI,2019,15.89,41.41,908.6626087,3214,Rabi,274475.6
,chilli,HYDERABAD,2019,17.67,39.85,774.113125,2248,Rabi,191979.2
,chilli,JAGTIAL,2019,13.49,42.14,540.5316667,2284,Rabi,195053.6
,chilli,JANGAON,2019,14.92,40.56,597.5669231,2460,Rabi,210084
,chilli,JAYASHANKAR,2019,13.76,42.04,815.85,2322,Rabi,198298.8
,chilli,JOGULAMBA,2019,16.42,40.7,525.2658333,1860,Rabi,158844
,chilli,KAMAREDDY,2019,13.21,40.59,757.7286364,2491,Rabi,212731.4
,chilli,KARIMNAGAR,2019,14.33,41.97,585.4225,2559,Rabi,218538.6
,chilli,KHAMMAM,2019,16.93,41.13,789.8538095,3281,Rabi,280197.4
,chilli,KOMARAM BHEEM,2019,12.73,41.52,654.488,2829,Rabi,241596.6
,chilli,MAHABUBABAD,2019,14.93,41.27,805.589375,3283,Rabi,280368.2
,chilli,MAHABUBNAGAR,2019,14.97,40.5,569.9465385,2999,Rabi,256114.6
,chilli,MANCHERIAL,2019,13.61,42.67,628.4933333,2907,Rabi,248257.8
,chilli,MEDAK,2019,13.78,40.25,563.8815,2946,Rabi,251588.4
,chilli,MEDCHAL MALKAJG,2019,15.64,40.28,804.51,2753,Rabi,235106.2
,chilli,NAGARKURNOOL,2019,15.29,39.95,422.9185,2088,Rabi,178315.2
,chilli,NALGONDA,2019,16.6,41.07,534.0377419,3242,Rabi,276866.8
,chilli,NIRMAL,2019,13.25,41.49,691.0947368,2602,Rabi,222210.8
,chilli,NIZAMABAD,2019,14.04,41.19,617.5703704,2472,Rabi,211108.8
,chilli,PEDDAPALLI,2019,13.76,42.17,549.5485714,3382,Rabi,288822.8
,chilli,RAJANNA,2019,12.78,41.48,526.4469231,2788,Rabi,238095.2
,chilli,RANGAREDDY,2019,14.6,39.61,578.7140741,2910,Rabi,248514
,chilli,SANGAREDDY,2019,13.57,39.79,661.6261538,2472,Rabi,211108.8
,chilli,SIDDIPET,2019,13.76,40.15,593.945,2989,Rabi,255260.6
,chilli,SURYAPET,2019,16.75,41.01,601.9147826,2058,Rabi,175753.2
,chilli,VIKARABAD,2019,14.1,40.01,521.8055556,2546,Rabi,217428.4
,chilli,WANAPARTHY,2019,16.49,40.71,504.1507143,1980,Rabi,169092
,chilli,WARANGAL RURAL,2019,14.67,41.3,834.2066667,2876,Rabi,245610.4
,chilli,WARANGAL URBAN,2019,14.9,41.37,674.2163636,2780,Rabi,237412
,chilli,YADADRI,2019,15.15,40.63,553.403125,3430,Rabi,292922
,chilli,ADILABAD,2018,12.46,41.66,884.2918056,1903,Rabi,144247.4
,chilli,BHADRADRI,2018,15.98,41.41,976.2786957,2605,Rabi,197459
,chilli,HYDERABAD,2018,17.75,39.8,635.1501563,1914,Rabi,145081.2
,chilli,JAGTIAL,2018,13.81,42.12,695.97875,1916,Rabi,145232.8
,chilli,JANGAON,2018,15.21,40.52,682.6244231,3086,Rabi,233918.8
,chilli,JAYASHANKAR,2018,13.75,42.09,973.075,2500,Rabi,189500
,chilli,JOGULAMBA,2018,16.6,40.57,453.645625,2076,Rabi,157360.8
,chilli,KAMAREDDY,2018,13.47,40.66,686.9798864,1860,Rabi,140988
,chilli,KARIMNAGAR,2018,14.29,41.84,646.7978125,2982,Rabi,226035.6
,chilli,KHAMMAM,2018,17.28,41.22,714.6277381,2532,Rabi,191925.6
,chilli,KOMARAM BHEEM,2018,12.41,41.67,857.882,1994,Rabi,151145.2
,chilli,MAHABUBABAD,2018,15.28,41.49,807.1160938,3078,Rabi,233312.4
,chilli,MAHABUBNAGAR,2018,15.48,40.06,474.7356731,1942,Rabi,147203.6
,chilli,MANCHERIAL,2018,13.37,42.55,831.5677778,3254,Rabi,246653.2
,chilli,MEDAK,2018,14.14,40.07,616.112875,3364,Rabi,254991.2
,chilli,MEDCHAL MALKAJG,2018,15.58,39.91,632.5989286,2682,Rabi,203295.6
,chilli,NAGARKURNOOL,2018,15.58,39.9,429.269625,2316,Rabi,175552.8
,chilli,NALGONDA,2018,17.15,41.18,546.1699194,3183,Rabi,241271.4
,chilli,NIRMAL,2018,13.33,41.83,803.0723684,3113,Rabi,235965.4
,chilli,NIZAMABAD,2018,14.22,41.39,703.7388889,3011,Rabi,228233.8
,chilli,PEDDAPALLI,2018,14.06,42.38,714.3871429,2920,Rabi,221336
,chilli,RAJANNA,2018,12.84,41.38,635.6290385,1864,Rabi,141291.2
,chilli,RANGAREDDY,2018,14.66,39.1,491.5461111,2433,Rabi,184421.4
,chilli,SANGAREDDY,2018,13.67,39.63,612.2584615,2197,Rabi,166532.6
,chilli,SIDDIPET,2018,13.8,39.92,597.5453409,2890,Rabi,219062
,chilli,SURYAPET,2018,17.51,41.36,585.3026087,2045,Rabi,155011
,chilli,VIKARABAD,2018,14.49,39.32,609.0333333,2437,Rabi,184724.6
,chilli,WANAPARTHY,2018,16.89,40.41,488.7001786,2263,Rabi,171535.4
,chilli,WARANGAL RURAL,2018,14.71,41.22,851.1166667,2911,Rabi,220653.8
,chilli,WARANGAL URBAN,2018,15.09,41.29,808.2336364,2276,Rabi,172520.8
,chilli,YADADRI,2018,15.31,40.33,513.0085938,2623,Rabi,198823.4
,bengal gram,ADILABAD,2020,12.34,42.66,1130.15,1551,Rabi,75611.25
,bengal gram,BHADRADRI,2020,16.42,42.65,1145.008696,0,Rabi,0
,bengal gram,HYDERABAD,2020,17.52,41.88,885.48125,0,Rabi,0
,bengal gram,JAGTIAL,2020,12.84,43.34,960.3555556,1299,Rabi,63326.25
,bengal gram,JANGAON,2020,15.99,41.87,978.6769231,1299,Rabi,63326.25
,bengal gram,JAYASHANKAR,2020,14.45,42.74,1135.705,1299,Rabi,63326.25
,bengal gram,JOGULAMBA,2020,16.79,42.73,540,657,Rabi,32028.75
,bengal gram,KAMAREDDY,2020,13.45,42.33,1096.881818,1340,Rabi,65325
,bengal gram,KARIMNAGAR,2020,14.99,42.86,900.4125,1299,Rabi,63326.25
,bengal gram,KHAMMAM,2020,17.66,42.25,777.5047619,1299,Rabi,63326.25
,bengal gram,KOMARAM BHEEM,2020,12.65,42.13,1119.48,1881,Rabi,91698.75
,bengal gram,MAHABUBABAD,2020,16.19,42.95,938.4625,1299,Rabi,63326.25
,bengal gram,MAHABUBNAGAR,2020,15.42,42.19,579.4384615,1299,Rabi,63326.25
,bengal gram,MANCHERIAL,2020,14.15,42.94,1116.6,1299,Rabi,63326.25
,bengal gram,MEDAK,2020,13.57,42.09,1005.09,1060,Rabi,51675
,bengal gram,MEDCHAL MALKAJG,2020,15.78,41.72,946.8857143,1299,Rabi,63326.25
,bengal gram,NAGARKURNOOL,2020,15.79,42.24,543.63,1299,Rabi,63326.25
,bengal gram,NALGONDA,2020,17.13,42.72,785.216129,1299,Rabi,63326.25
,bengal gram,NIRMAL,2020,13.39,42.97,1247.821053,1173,Rabi,57183.75
,bengal gram,NIZAMABAD,2020,13.68,42.79,1252.888889,1558,Rabi,75952.5
,bengal gram,PEDDAPALLI,2020,14.89,42.81,941.8571429,1299,Rabi,63326.25
,bengal gram,RAJANNA,2020,13.15,42.95,1018.907692,1299,Rabi,63326.25
,bengal gram,RANGAREDDY,2020,14.39,41.39,635.7481481,1477,Rabi,72003.75
,bengal gram,SANGAREDDY,2020,12.83,41.8,942.6538462,1421,Rabi,69273.75
,bengal gram,SIDDIPET,2020,14.57,41.56,894.1818182,1423,Rabi,69371.25
,bengal gram,SURYAPET,2020,17.53,42.48,764.6434783,1299,Rabi,63326.25
,bengal gram,VIKARABAD,2020,14.04,41.63,943.2,1576,Rabi,76830
,bengal gram,WANAPARTHY,2020,17.18,42.46,572.2,1299,Rabi,63326.25
,bengal gram,WARANGAL RURAL,2020,15.17,42.37,1075.166667,1299,Rabi,63326.25
,bengal gram,WARANGAL URBAN,2020,15.79,42.57,1290.163636,1299,Rabi,63326.25
,bengal gram,YADADRI,2020,15.99,41.75,719.83125,1299,Rabi,63326.25
,bengal gram,ADILABAD,2020,12.69,41.62,848.3227778,1742,Rabi,80480.4
,bengal gram,BHADRADRI,2020,15.89,41.41,908.6626087,1516,Rabi,70039.2
,bengal gram,HYDERABAD,2020,17.67,39.85,774.113125,0,Rabi,0
,bengal gram,JAGTIAL,2020,13.49,42.14,540.5316667,1516,Rabi,70039.2
,bengal gram,JANGAON,2020,14.92,40.56,597.5669231,1516,Rabi,70039.2
,bengal gram,JAYASHANKAR,2020,13.76,42.04,815.85,1516,Rabi,70039.2
,bengal gram,JOGULAMBA,2020,16.42,40.7,525.2658333,1312,Rabi,60614.4
,bengal gram,KAMAREDDY,2020,13.21,40.59,757.7286364,1687,Rabi,77939.4
,bengal gram,KARIMNAGAR,2020,14.33,41.97,585.4225,1516,Rabi,70039.2
,bengal gram,KHAMMAM,2020,16.93,41.13,789.8538095,1516,Rabi,70039.2
,bengal gram,KOMARAM BHEEM,2020,12.73,41.52,654.488,1240,Rabi,57288
,bengal gram,MAHABUBABAD,2020,14.93,41.27,805.589375,1516,Rabi,70039.2
,bengal gram,MAHABUBNAGAR,2020,14.97,40.5,569.9465385,1516,Rabi,70039.2
,bengal gram,MANCHERIAL,2020,13.61,42.67,628.4933333,1516,Rabi,70039.2
,bengal gram,MEDAK,2020,13.78,40.25,563.8815,1341,Rabi,61954.2
,bengal gram,MEDCHAL MALKAJG,2020,15.64,40.28,804.51,1516,Rabi,70039.2
,bengal gram,NAGARKURNOOL,2020,15.29,39.95,422.9185,1516,Rabi,70039.2
,bengal gram,NALGONDA,2020,16.6,41.07,534.0377419,1516,Rabi,70039.2
,bengal gram,NIRMAL,2020,13.25,41.49,691.0947368,1072,Rabi,49526.4
,bengal gram,NIZAMABAD,2020,14.04,41.19,617.5703704,1675,Rabi,77385
,bengal gram,PEDDAPALLI,2020,13.76,42.17,549.5485714,1516,Rabi,70039.2
,bengal gram,RAJANNA,2020,12.78,41.48,526.4469231,1516,Rabi,70039.2
,bengal gram,RANGAREDDY,2020,14.6,39.61,578.7140741,1403,Rabi,64818.6
,bengal gram,SANGAREDDY,2020,13.57,39.79,661.6261538,1366,Rabi,63109.2
,bengal gram,SIDDIPET,2020,13.76,40.15,593.945,1315,Rabi,60753
,bengal gram,SURYAPET,2020,16.75,41.01,601.9147826,1516,Rabi,70039.2
,bengal gram,VIKARABAD,2020,14.1,40.01,521.8055556,1440,Rabi,66528
,bengal gram,WANAPARTHY,2020,16.49,40.71,504.1507143,2132,Rabi,98498.4
,bengal gram,WARANGAL RURAL,2020,14.67,41.3,834.2066667,1516,Rabi,70039.2
,bengal gram,WARANGAL URBAN,2020,14.9,41.37,674.2163636,1516,Rabi,70039.2
,bengal gram,YADADRI,2020,15.15,40.63,553.403125,1516,Rabi,70039.2
,bengal gram,ADILABAD,2020,12.46,41.66,884.2918056,1858,Rabi,85839.6
,bengal gram,BHADRADRI,2020,15.98,41.41,976.2786957,0,Rabi,0
,bengal gram,HYDERABAD,2020,17.75,39.8,635.1501563,0,Rabi,0
,bengal gram,JAGTIAL,2020,13.81,42.12,695.97875,1569,Rabi,72487.8
,bengal gram,JANGAON,2020,15.21,40.52,682.6244231,1569,Rabi,72487.8
,bengal gram,JAYASHANKAR,2020,13.75,42.09,973.075,1569,Rabi,72487.8
,bengal gram,JOGULAMBA,2020,16.6,40.57,453.645625,411,Rabi,18988.2
,bengal gram,KAMAREDDY,2020,13.47,40.66,686.9798864,1617,Rabi,74705.4
,bengal gram,KARIMNAGAR,2020,14.29,41.84,646.7978125,1569,Rabi,72487.8
,bengal gram,KHAMMAM,2020,17.28,41.22,714.6277381,1569,Rabi,72487.8
,bengal gram,KOMARAM BHEEM,2020,12.41,41.67,857.882,1766,Rabi,81589.2
,bengal gram,MAHABUBABAD,2020,15.28,41.49,807.1160938,0,Rabi,0
,bengal gram,MAHABUBNAGAR,2020,15.48,40.06,474.7356731,1569,Rabi,72487.8
,bengal gram,MANCHERIAL,2020,13.37,42.55,831.5677778,1569,Rabi,72487.8
,bengal gram,MEDAK,2020,14.14,40.07,616.112875,1203,Rabi,55578.6
,bengal gram,MEDCHAL MALKAJG,2020,15.58,39.91,632.5989286,1569,Rabi,72487.8
,bengal gram,NAGARKURNOOL,2020,15.58,39.9,429.269625,1569,Rabi,72487.8
,bengal gram,NALGONDA,2020,17.15,41.18,546.1699194,1569,Rabi,72487.8
,bengal gram,NIRMAL,2020,13.33,41.83,803.0723684,1842,Rabi,85100.4
,bengal gram,NIZAMABAD,2020,14.22,41.39,703.7388889,1824,Rabi,84268.8
,bengal gram,PEDDAPALLI,2020,14.06,42.38,714.3871429,1569,Rabi,72487.8
,bengal gram,RAJANNA,2020,12.84,41.38,635.6290385,1569,Rabi,72487.8
,bengal gram,RANGAREDDY,2020,14.66,39.1,491.5461111,1138,Rabi,52575.6
,bengal gram,SANGAREDDY,2020,13.67,39.63,612.2584615,1268,Rabi,58581.6
,bengal gram,SIDDIPET,2020,13.8,39.92,597.5453409,2257,Rabi,104273.4
,bengal gram,SURYAPET,2020,17.51,41.36,585.3026087,1569,Rabi,72487.8
,bengal gram,VIKARABAD,2020,14.49,39.32,609.0333333,1611,Rabi,74428.2
,bengal gram,WANAPARTHY,2020,16.89,40.41,488.7001786,2140,Rabi,98868
,bengal gram,WARANGAL RURAL,2020,14.71,41.22,851.1166667,1569,Rabi,72487.8
,bengal gram,WARANGAL URBAN,2020,15.09,41.29,808.2336364,1569,Rabi,72487.8
,bengal gram,YADADRI,2020,15.31,40.33,513.0085938,1569,Rabi,72487.8
,groundnut,ADILABAD,2020,12.34,42.66,1130.15,2068,Kharif,95541.6
,groundnut,BHADRADRI,2020,16.42,42.65,1145.008696,2186,Kharif,100993.2
,groundnut,HYDERABAD,2020,17.52,41.88,885.48125,0,Kharif,0
,groundnut,JAGTIAL,2020,12.84,43.34,960.3555556,1794,Kharif,82882.8
,groundnut,JANGAON,2020,15.99,41.87,978.6769231,1516,Kharif,70039.2
,groundnut,JAYASHANKAR,2020,14.45,42.74,1135.705,2151,Kharif,99376.2
,groundnut,JOGULAMBA,2020,16.79,42.73,540,2025,Kharif,93555
,groundnut,KAMAREDDY,2020,13.45,42.33,1096.881818,2068,Kharif,95541.6
,groundnut,KARIMNAGAR,2020,14.99,42.86,900.4125,2411,Kharif,111388.2
,groundnut,KHAMMAM,2020,17.66,42.25,777.5047619,1590,Kharif,73458
,groundnut,KOMARAM BHEEM,2020,12.65,42.13,1119.48,2068,Kharif,95541.6
,groundnut,MAHABUBABAD,2020,16.19,42.95,938.4625,1353,Kharif,62508.6
,groundnut,MAHABUBNAGAR,2020,15.42,42.19,579.4384615,1844,Kharif,85192.8
,groundnut,MANCHERIAL,2020,14.15,42.94,1116.6,2066,Kharif,95449.2
,groundnut,MEDAK,2020,13.57,42.09,1005.09,2062,Kharif,95264.4
,groundnut,MEDCHAL MALKAJG,2020,15.78,41.72,946.8857143,0,Kharif,0
,groundnut,NAGARKURNOOL,2020,15.79,42.24,543.63,2261,Kharif,104458.2
,groundnut,NALGONDA,2020,17.13,42.72,785.216129,1463,Kharif,67590.6
,groundnut,NIRMAL,2020,13.39,42.97,1247.821053,2068,Kharif,95541.6
,groundnut,NIZAMABAD,2020,13.68,42.79,1252.888889,2044,Kharif,94432.8
,groundnut,PEDDAPALLI,2020,14.89,42.81,941.8571429,2068,Kharif,95541.6
,groundnut,RAJANNA,2020,13.15,42.95,1018.907692,2068,Kharif,95541.6
,groundnut,RANGAREDDY,2020,14.39,41.39,635.7481481,2068,Kharif,95541.6
,groundnut,SANGAREDDY,2020,12.83,41.8,942.6538462,2049,Kharif,94663.8
,groundnut,SIDDIPET,2020,14.57,41.56,894.1818182,2066,Kharif,95449.2
,groundnut,SURYAPET,2020,17.53,42.48,764.6434783,1429,Kharif,66019.8
,groundnut,VIKARABAD,2020,14.04,41.63,943.2,1745,Kharif,80619
,groundnut,WANAPARTHY,2020,17.18,42.46,572.2,2330,Kharif,107646
,groundnut,WARANGAL RURAL,2020,15.17,42.37,1075.166667,3265,Kharif,150843
,groundnut,WARANGAL URBAN,2020,15.79,42.57,1290.163636,2416,Kharif,111619.2
,groundnut,YADADRI,2020,15.99,41.75,719.83125,1736,Kharif,80203.2
,groundnut,ADILABAD,2019,12.69,41.62,848.3227778,2236,Kharif,103303.2
,groundnut,BHADRADRI,2019,15.89,41.41,908.6626087,2815,Kharif,130053
,groundnut,HYDERABAD,2019,17.67,39.85,774.113125,0,Kharif,0
,groundnut,JAGTIAL,2019,13.49,42.14,540.5316667,1453,Kharif,67128.6
,groundnut,JANGAON,2019,14.92,40.56,597.5669231,1769,Kharif,81727.8
,groundnut,JAYASHANKAR,2019,13.76,42.04,815.85,1792,Kharif,82790.4
,groundnut,JOGULAMBA,2019,16.42,40.7,525.2658333,2363,Kharif,109170.6
,groundnut,KAMAREDDY,2019,13.21,40.59,757.7286364,2236,Kharif,103303.2
,groundnut,KARIMNAGAR,2019,14.33,41.97,585.4225,1603,Kharif,74058.6
,groundnut,KHAMMAM,2019,16.93,41.13,789.8538095,2126,Kharif,98221.2
,groundnut,KOMARAM BHEEM,2019,12.73,41.52,654.488,0,Kharif,0
,groundnut,MAHABUBABAD,2019,14.93,41.27,805.589375,1526,Kharif,70501.2
,groundnut,MAHABUBNAGAR,2019,14.97,40.5,569.9465385,2332,Kharif,107738.4
,groundnut,MANCHERIAL,2019,13.61,42.67,628.4933333,2237,Kharif,103349.4
,groundnut,MEDAK,2019,13.78,40.25,563.8815,2229,Kharif,102979.8
,groundnut,MEDCHAL MALKAJG,2019,15.64,40.28,804.51,0,Kharif,0
,groundnut,NAGARKURNOOL,2019,15.29,39.95,422.9185,2300,Kharif,106260
,groundnut,NALGONDA,2019,16.6,41.07,534.0377419,1932,Kharif,89258.4
,groundnut,NIRMAL,2019,13.25,41.49,691.0947368,2236,Kharif,103303.2
,groundnut,NIZAMABAD,2019,14.04,41.19,617.5703704,2226,Kharif,102841.2
,groundnut,PEDDAPALLI,2019,13.76,42.17,549.5485714,2236,Kharif,103303.2
,groundnut,RAJANNA,2019,12.78,41.48,526.4469231,2236,Kharif,103303.2
,groundnut,RANGAREDDY,2019,14.6,39.61,578.7140741,3023,Kharif,139662.6
,groundnut,SANGAREDDY,2019,13.57,39.79,661.6261538,2236,Kharif,103303.2
,groundnut,SIDDIPET,2019,13.76,40.15,593.945,1760,Kharif,81312
,groundnut,SURYAPET,2019,16.75,41.01,601.9147826,1928,Kharif,89073.6
,groundnut,VIKARABAD,2019,14.1,40.01,521.8055556,2045,Kharif,94479
,groundnut,WANAPARTHY,2019,16.49,40.71,504.1507143,2141,Kharif,98914.2
,groundnut,WARANGAL RURAL,2019,14.67,41.3,834.2066667,3281,Kharif,151582.2
,groundnut,WARANGAL URBAN,2019,14.9,41.37,674.2163636,2230,Kharif,103026
,groundnut,YADADRI,2019,15.15,40.63,553.403125,2207,Kharif,101963.4
,groundnut,ADILABAD,2018,12.46,41.66,884.2918056,2489,Kharif,110760.5
,groundnut,BHADRADRI,2018,15.98,41.41,976.2786957,2370,Kharif,105465
,groundnut,HYDERABAD,2018,17.75,39.8,635.1501563,0,Kharif,0
,groundnut,JAGTIAL,2018,13.81,42.12,695.97875,1427,Kharif,63501.5
,groundnut,JANGAON,2018,15.21,40.52,682.6244231,1583,Kharif,70443.5
,groundnut,JAYASHANKAR,2018,13.75,42.09,973.075,2141,Kharif,95274.5
,groundnut,JOGULAMBA,2018,16.6,40.57,453.645625,2480,Kharif,110360
,groundnut,KAMAREDDY,2018,13.47,40.66,686.9798864,2489,Kharif,110760.5
,groundnut,KARIMNAGAR,2018,14.29,41.84,646.7978125,2700,Kharif,120150
,groundnut,KHAMMAM,2018,17.28,41.22,714.6277381,2245,Kharif,99902.5
,groundnut,KOMARAM BHEEM,2018,12.41,41.67,857.882,2504,Kharif,111428
,groundnut,MAHABUBABAD,2018,15.28,41.49,807.1160938,1622,Kharif,72179
,groundnut,MAHABUBNAGAR,2018,15.48,40.06,474.7356731,2235,Kharif,99457.5
,groundnut,MANCHERIAL,2018,13.37,42.55,831.5677778,2489,Kharif,110760.5
,groundnut,MEDAK,2018,14.14,40.07,616.112875,2491,Kharif,110849.5
,groundnut,MEDCHAL MALKAJG,2018,15.58,39.91,632.5989286,0,Kharif,0
,groundnut,NAGARKURNOOL,2018,15.58,39.9,429.269625,2455,Kharif,109247.5
,groundnut,NALGONDA,2018,17.15,41.18,546.1699194,1748,Kharif,77786
,groundnut,NIRMAL,2018,13.33,41.83,803.0723684,2489,Kharif,110760.5
,groundnut,NIZAMABAD,2018,14.22,41.39,703.7388889,2496,Kharif,111072
,groundnut,PEDDAPALLI,2018,14.06,42.38,714.3871429,2489,Kharif,110760.5
,groundnut,RAJANNA,2018,12.84,41.38,635.6290385,2489,Kharif,110760.5
,groundnut,RANGAREDDY,2018,14.66,39.1,491.5461111,2711,Kharif,120639.5
,groundnut,SANGAREDDY,2018,13.67,39.63,612.2584615,2491,Kharif,110849.5
,groundnut,SIDDIPET,2018,13.8,39.92,597.5453409,2268,Kharif,100926
,groundnut,SURYAPET,2018,17.51,41.36,585.3026087,1791,Kharif,79699.5
,groundnut,VIKARABAD,2018,14.49,39.32,609.0333333,2458,Kharif,109381
,groundnut,WANAPARTHY,2018,16.89,40.41,488.7001786,3073,Kharif,136748.5
,groundnut,WARANGAL RURAL,2018,14.71,41.22,851.1166667,3167,Kharif,140931.5
,groundnut,WARANGAL URBAN,2018,15.09,41.29,808.2336364,2489,Kharif,110760.5
,groundnut,YADADRI,2018,15.31,40.33,513.0085938,2500,Kharif,111250
,maize,ADILABAD,2020,12.34,42.66,1130.15,5712,Kharif,105672
,maize,BHADRADRI,2020,16.42,42.65,1145.008696,6076,Kharif,112406
,maize,HYDERABAD,2020,17.52,41.88,885.48125,0,Kharif,0
,maize,JAGTIAL,2020,12.84,43.34,960.3555556,5251,Kharif,97143.5
,maize,JANGAON,2020,15.99,41.87,978.6769231,4766,Kharif,88171
,maize,JAYASHANKAR,2020,14.45,42.74,1135.705,5103,Kharif,94405.5
,maize,JOGULAMBA,2020,16.79,42.73,540,1950,Kharif,36075
,maize,KAMAREDDY,2020,13.45,42.33,1096.881818,4916,Kharif,90946
,maize,KARIMNAGAR,2020,14.99,42.86,900.4125,6316,Kharif,116846
,maize,KHAMMAM,2020,17.66,42.25,777.5047619,5581,Kharif,103248.5
,maize,KOMARAM BHEEM,2020,12.65,42.13,1119.48,4917,Kharif,90964.5
,maize,MAHABUBABAD,2020,16.19,42.95,938.4625,4966,Kharif,91871
,maize,MAHABUBNAGAR,2020,15.42,42.19,579.4384615,1143,Kharif,21145.5
,maize,MANCHERIAL,2020,14.15,42.94,1116.6,5410,Kharif,100085
,maize,MEDAK,2020,13.57,42.09,1005.09,2940,Kharif,54390
,maize,MEDCHAL MALKAJG,2020,15.78,41.72,946.8857143,3293,Kharif,60920.5
,maize,NAGARKURNOOL,2020,15.79,42.24,543.63,1116,Kharif,20646
,maize,NALGONDA,2020,17.13,42.72,785.216129,2630,Kharif,48655
,maize,NIRMAL,2020,13.39,42.97,1247.821053,6300,Kharif,116550
,maize,NIZAMABAD,2020,13.68,42.79,1252.888889,5433,Kharif,100510.5
,maize,PEDDAPALLI,2020,14.89,42.81,941.8571429,6306,Kharif,116661
,maize,RAJANNA,2020,13.15,42.95,1018.907692,4963,Kharif,91815.5
,maize,RANGAREDDY,2020,14.39,41.39,635.7481481,3132,Kharif,57942
,maize,SANGAREDDY,2020,12.83,41.8,942.6538462,2666,Kharif,49321
,maize,SIDDIPET,2020,14.57,41.56,894.1818182,2750,Kharif,50875
,maize,SURYAPET,2020,17.53,42.48,764.6434783,5651,Kharif,104543.5
,maize,VIKARABAD,2020,14.04,41.63,943.2,3231,Kharif,59773.5
,maize,WANAPARTHY,2020,17.18,42.46,572.2,1162,Kharif,21497
,maize,WARANGAL RURAL,2020,15.17,42.37,1075.166667,6999,Kharif,129481.5
,maize,WARANGAL URBAN,2020,15.79,42.57,1290.163636,6052,Kharif,111962
,maize,YADADRI,2020,15.99,41.75,719.83125,1927,Kharif,35649.5
,maize,ADILABAD,2019,12.69,41.62,848.3227778,9282,Kharif,163363.2
,maize,BHADRADRI,2019,15.89,41.41,908.6626087,5478,Kharif,96412.8
,maize,HYDERABAD,2019,17.67,39.85,774.113125,0,Kharif,0
,maize,JAGTIAL,2019,13.49,42.14,540.5316667,4474,Kharif,78742.4
,maize,JANGAON,2019,14.92,40.56,597.5669231,5068,Kharif,89196.8
,maize,JAYASHANKAR,2019,13.76,42.04,815.85,9023,Kharif,158804.8
,maize,JOGULAMBA,2019,16.42,40.7,525.2658333,5263,Kharif,92628.8
,maize,KAMAREDDY,2019,13.21,40.59,757.7286364,5300,Kharif,93280
,maize,KARIMNAGAR,2019,14.33,41.97,585.4225,6026,Kharif,106057.6
,maize,KHAMMAM,2019,16.93,41.13,789.8538095,6397,Kharif,112587.2
,maize,KOMARAM BHEEM,2019,12.73,41.52,654.488,4558,Kharif,80220.8
,maize,MAHABUBABAD,2019,14.93,41.27,805.589375,5717,Kharif,100619.2
,maize,MAHABUBNAGAR,2019,14.97,40.5,569.9465385,1474,Kharif,25942.4
,maize,MANCHERIAL,2019,13.61,42.67,628.4933333,3965,Kharif,69784
,maize,MEDAK,2019,13.78,40.25,563.8815,3929,Kharif,69150.4
,maize,MEDCHAL MALKAJG,2019,15.64,40.28,804.51,3815,Kharif,67144
,maize,NAGARKURNOOL,2019,15.29,39.95,422.9185,2052,Kharif,36115.2
,maize,NALGONDA,2019,16.6,41.07,534.0377419,4755,Kharif,83688
,maize,NIRMAL,2019,13.25,41.49,691.0947368,7753,Kharif,136452.8
,maize,NIZAMABAD,2019,14.04,41.19,617.5703704,5464,Kharif,96166.4
,maize,PEDDAPALLI,2019,13.76,42.17,549.5485714,8924,Kharif,157062.4
,maize,RAJANNA,2019,12.78,41.48,526.4469231,3122,Kharif,54947.2
,maize,RANGAREDDY,2019,14.6,39.61,578.7140741,2238,Kharif,39388.8
,maize,SANGAREDDY,2019,13.57,39.79,661.6261538,3610,Kharif,63536
,maize,SIDDIPET,2019,13.76,40.15,593.945,3304,Kharif,58150.4
,maize,SURYAPET,2019,16.75,41.01,601.9147826,6339,Kharif,111566.4
,maize,VIKARABAD,2019,14.1,40.01,521.8055556,3249,Kharif,57182.4
,maize,WANAPARTHY,2019,16.49,40.71,504.1507143,3199,Kharif,56302.4
,maize,WARANGAL RURAL,2019,14.67,41.3,834.2066667,7716,Kharif,135801.6
,maize,WARANGAL URBAN,2019,14.9,41.37,674.2163636,6851,Kharif,120577.6
,maize,YADADRI,2019,15.15,40.63,553.403125,3068,Kharif,53996.8
,maize,ADILABAD,2018,12.46,41.66,884.2918056,4790,Kharif,84304
,maize,BHADRADRI,2018,15.98,41.41,976.2786957,3983,Kharif,70100.8
,maize,HYDERABAD,2018,17.75,39.8,635.1501563,0,Kharif,0
,maize,JAGTIAL,2018,13.81,42.12,695.97875,5860,Kharif,103136
,maize,JANGAON,2018,15.21,40.52,682.6244231,5611,Kharif,98753.6
,maize,JAYASHANKAR,2018,13.75,42.09,973.075,7179,Kharif,126350.4
,maize,JOGULAMBA,2018,16.6,40.57,453.645625,2785,Kharif,49016
,maize,KAMAREDDY,2018,13.47,40.66,686.9798864,5909,Kharif,103998.4
,maize,KARIMNAGAR,2018,14.29,41.84,646.7978125,6208,Kharif,109260.8
,maize,KHAMMAM,2018,17.28,41.22,714.6277381,5892,Kharif,103699.2
,maize,KOMARAM BHEEM,2018,12.41,41.67,857.882,5053,Kharif,88932.8
,maize,MAHABUBABAD,2018,15.28,41.49,807.1160938,4246,Kharif,74729.6
,maize,MAHABUBNAGAR,2018,15.48,40.06,474.7356731,1206,Kharif,21225.6
,maize,MANCHERIAL,2018,13.37,42.55,831.5677778,4954,Kharif,87190.4
,maize,MEDAK,2018,14.14,40.07,616.112875,2995,Kharif,52712
,maize,MEDCHAL MALKAJG,2018,15.58,39.91,632.5989286,2886,Kharif,50793.6
,maize,NAGARKURNOOL,2018,15.58,39.9,429.269625,667,Kharif,11739.2
,maize,NALGONDA,2018,17.15,41.18,546.1699194,4900,Kharif,86240
,maize,NIRMAL,2018,13.33,41.83,803.0723684,7544,Kharif,132774.4
,maize,NIZAMABAD,2018,14.22,41.39,703.7388889,5716,Kharif,100601.6
,maize,PEDDAPALLI,2018,14.06,42.38,714.3871429,6612,Kharif,116371.2
,maize,RAJANNA,2018,12.84,41.38,635.6290385,5608,Kharif,98700.8
,maize,RANGAREDDY,2018,14.66,39.1,491.5461111,762,Kharif,13411.2
,maize,SANGAREDDY,2018,13.67,39.63,612.2584615,3130,Kharif,55088
,maize,SIDDIPET,2018,13.8,39.92,597.5453409,2776,Kharif,48857.6
,maize,SURYAPET,2018,17.51,41.36,585.3026087,5824,Kharif,102502.4
,maize,VIKARABAD,2018,14.49,39.32,609.0333333,3295,Kharif,57992
,maize,WANAPARTHY,2018,16.89,40.41,488.7001786,2958,Kharif,52060.8
,maize,WARANGAL RURAL,2018,14.71,41.22,851.1166667,7568,Kharif,133196.8
,maize,WARANGAL URBAN,2018,15.09,41.29,808.2336364,5438,Kharif,95708.8
,maize,YADADRI,2018,15.31,40.33,513.0085938,2178,Kharif,38332.8
,paddy,ADILABAD,2020,12.34,42.66,1130.15,32708,Kharif,575660.8
,paddy,BHADRADRI,2020,16.42,42.65,1145.008696,39257,Kharif,690923.2
,paddy,HYDERABAD,2020,17.52,41.88,885.48125,0,Kharif,0
,paddy,JAGTIAL,2020,12.84,43.34,960.3555556,37956,Kharif,668025.6
,paddy,JANGAON,2020,15.99,41.87,978.6769231,37081,Kharif,652625.6
,paddy,JAYASHANKAR,2020,14.45,42.74,1135.705,33870,Kharif,596112
,paddy,JOGULAMBA,2020,16.79,42.73,540,29542,Kharif,519939.2
,paddy,KAMAREDDY,2020,13.45,42.33,1096.881818,31569,Kharif,555614.4
,paddy,KARIMNAGAR,2020,14.99,42.86,900.4125,38673,Kharif,680644.8
,paddy,KHAMMAM,2020,17.66,42.25,777.5047619,38691,Kharif,680961.6
,paddy,KOMARAM BHEEM,2020,12.65,42.13,1119.48,39716,Kharif,699001.6
,paddy,MAHABUBABAD,2020,16.19,42.95,938.4625,36272,Kharif,638387.2
,paddy,MAHABUBNAGAR,2020,15.42,42.19,579.4384615,39649,Kharif,697822.4
,paddy,MANCHERIAL,2020,14.15,42.94,1116.6,28809,Kharif,507038.4
,paddy,MEDAK,2020,13.57,42.09,1005.09,36668,Kharif,645356.8
,paddy,MEDCHAL MALKAJG,2020,15.78,41.72,946.8857143,28715,Kharif,505384
,paddy,NAGARKURNOOL,2020,15.79,42.24,543.63,35417,Kharif,623339.2
,paddy,NALGONDA,2020,17.13,42.72,785.216129,30954,Kharif,544790.4
,paddy,NIRMAL,2020,13.39,42.97,1247.821053,37199,Kharif,654702.4
,paddy,NIZAMABAD,2020,13.68,42.79,1252.888889,35499,Kharif,624782.4
,paddy,PEDDAPALLI,2020,14.89,42.81,941.8571429,34140,Kharif,600864
,paddy,RAJANNA,2020,13.15,42.95,1018.907692,39590,Kharif,696784
,paddy,RANGAREDDY,2020,14.39,41.39,635.7481481,38024,Kharif,669222.4
,paddy,SANGAREDDY,2020,12.83,41.8,942.6538462,29447,Kharif,518267.2
,paddy,SIDDIPET,2020,14.57,41.56,894.1818182,37397,Kharif,658187.2
,paddy,SURYAPET,2020,17.53,42.48,764.6434783,30712,Kharif,540531.2
,paddy,VIKARABAD,2020,14.04,41.63,943.2,37736,Kharif,664153.6
,paddy,WANAPARTHY,2020,17.18,42.46,572.2,35527,Kharif,625275.2
,paddy,WARANGAL RURAL,2020,15.17,42.37,1075.166667,39455,Kharif,694408
,paddy,WARANGAL URBAN,2020,15.79,42.57,1290.163636,38698,Kharif,681084.8
,paddy,YADADRI,2020,15.99,41.75,719.83125,39534,Kharif,695798.4
,paddy,ADILABAD,2019,12.69,41.62,848.3227778,32264,Kharif,583978.4
,paddy,BHADRADRI,2019,15.89,41.41,908.6626087,34674,Kharif,627599.4
,paddy,HYDERABAD,2019,17.67,39.85,774.113125,35416,Kharif,641029.6
,paddy,JAGTIAL,2019,13.49,42.14,540.5316667,30590,Kharif,553679
,paddy,JANGAON,2019,14.92,40.56,597.5669231,33769,Kharif,611218.9
,paddy,JAYASHANKAR,2019,13.76,42.04,815.85,38310,Kharif,693411
,paddy,JOGULAMBA,2019,16.42,40.7,525.2658333,37446,Kharif,677772.6
,paddy,KAMAREDDY,2019,13.21,40.59,757.7286364,33537,Kharif,607019.7
,paddy,KARIMNAGAR,2019,14.33,41.97,585.4225,29521,Kharif,534330.1
,paddy,KHAMMAM,2019,16.93,41.13,789.8538095,39230,Kharif,710063
,paddy,KOMARAM BHEEM,2019,12.73,41.52,654.488,38436,Kharif,695691.6
,paddy,MAHABUBABAD,2019,14.93,41.27,805.589375,29376,Kharif,531705.6
,paddy,MAHABUBNAGAR,2019,14.97,40.5,569.9465385,38943,Kharif,704868.3
,paddy,MANCHERIAL,2019,13.61,42.67,628.4933333,31976,Kharif,578765.6
,paddy,MEDAK,2019,13.78,40.25,563.8815,31919,Kharif,577733.9
,paddy,MEDCHAL MALKAJG,2019,15.64,40.28,804.51,35246,Kharif,637952.6
,paddy,NAGARKURNOOL,2019,15.29,39.95,422.9185,35240,Kharif,637844
,paddy,NALGONDA,2019,16.6,41.07,534.0377419,31805,Kharif,575670.5
,paddy,NIRMAL,2019,13.25,41.49,691.0947368,38137,Kharif,690279.7
,paddy,NIZAMABAD,2019,14.04,41.19,617.5703704,36264,Kharif,656378.4
,paddy,PEDDAPALLI,2019,13.76,42.17,549.5485714,39740,Kharif,719294
,paddy,RAJANNA,2019,12.78,41.48,526.4469231,33293,Kharif,602603.3
,paddy,RANGAREDDY,2019,14.6,39.61,578.7140741,36222,Kharif,655618.2
,paddy,SANGAREDDY,2019,13.57,39.79,661.6261538,34024,Kharif,615834.4
,paddy,SIDDIPET,2019,13.76,40.15,593.945,36720,Kharif,664632
,paddy,SURYAPET,2019,16.75,41.01,601.9147826,31796,Kharif,575507.6
,paddy,VIKARABAD,2019,14.1,40.01,521.8055556,31074,Kharif,562439.4
,paddy,WANAPARTHY,2019,16.49,40.71,504.1507143,34310,Kharif,621011
,paddy,WARANGAL RURAL,2019,14.67,41.3,834.2066667,36041,Kharif,652342.1
,paddy,WARANGAL URBAN,2019,14.9,41.37,674.2163636,36172,Kharif,654713.2
,paddy,YADADRI,2019,15.15,40.63,553.403125,31137,Kharif,563579.7
,paddy,ADILABAD,2018,12.46,41.66,884.2918056,31125,Kharif,544687.5
,paddy,BHADRADRI,2018,15.98,41.41,976.2786957,35690,Kharif,624575
,paddy,HYDERABAD,2018,17.75,39.8,635.1501563,37027,Kharif,647972.5
,paddy,JAGTIAL,2018,13.81,42.12,695.97875,32645,Kharif,571287.5
,paddy,JANGAON,2018,15.21,40.52,682.6244231,37075,Kharif,648812.5
,paddy,JAYASHANKAR,2018,13.75,42.09,973.075,37901,Kharif,663267.5
,paddy,JOGULAMBA,2018,16.6,40.57,453.645625,38323,Kharif,670652.5
,paddy,KAMAREDDY,2018,13.47,40.66,686.9798864,29974,Kharif,524545
,paddy,KARIMNAGAR,2018,14.29,41.84,646.7978125,30457,Kharif,532997.5
,paddy,KHAMMAM,2018,17.28,41.22,714.6277381,30347,Kharif,531072.5
,paddy,KOMARAM BHEEM,2018,12.41,41.67,857.882,34537,Kharif,604397.5
,paddy,MAHABUBABAD,2018,15.28,41.49,807.1160938,33561,Kharif,587317.5
,paddy,MAHABUBNAGAR,2018,15.48,40.06,474.7356731,36034,Kharif,630595
,paddy,MANCHERIAL,2018,13.37,42.55,831.5677778,35961,Kharif,629317.5
,paddy,MEDAK,2018,14.14,40.07,616.112875,39090,Kharif,684075
,paddy,MEDCHAL MALKAJG,2018,15.58,39.91,632.5989286,30262,Kharif,529585
,paddy,NAGARKURNOOL,2018,15.58,39.9,429.269625,32585,Kharif,570237.5
,paddy,NALGONDA,2018,17.15,41.18,546.1699194,34162,Kharif,597835
,paddy,NIRMAL,2018,13.33,41.83,803.0723684,39469,Kharif,690707.5
,paddy,NIZAMABAD,2018,14.22,41.39,703.7388889,36098,Kharif,631715
,paddy,PEDDAPALLI,2018,14.06,42.38,714.3871429,37808,Kharif,661640
,paddy,RAJANNA,2018,12.84,41.38,635.6290385,30918,Kharif,541065
,paddy,RANGAREDDY,2018,14.66,39.1,491.5461111,30800,Kharif,539000
,paddy,SANGAREDDY,2018,13.67,39.63,612.2584615,37839,Kharif,662182.5
,paddy,SIDDIPET,2018,13.8,39.92,597.5453409,34051,Kharif,595892.5
,paddy,SURYAPET,2018,17.51,41.36,585.3026087,39114,Kharif,684495
,paddy,VIKARABAD,2018,14.49,39.32,609.0333333,39117,Kharif,684547.5
,paddy,WANAPARTHY,2018,16.89,40.41,488.7001786,38929,Kharif,681257.5
,paddy,WARANGAL RURAL,2018,14.71,41.22,851.1166667,35007,Kharif,612622.5
,paddy,WARANGAL URBAN,2018,15.09,41.29,808.2336364,34147,Kharif,597572.5
,paddy,YADADRI,2018,15.31,40.33,513.0085938,30917,Kharif,541047.5
,chilli,ADILABAD,2020,12.34,42.66,1130.15,2373,Rabi,212383.5
,chilli,BHADRADRI,2020,16.42,42.65,1145.008696,3163,Rabi,283088.5
,chilli,HYDERABAD,2020,17.52,41.88,885.48125,0,Rabi,0
,chilli,JAGTIAL,2020,12.84,43.34,960.3555556,3370,Rabi,301615
,chilli,JANGAON,2020,15.99,41.87,978.6769231,2896,Rabi,259192
,chilli,JAYASHANKAR,2020,14.45,42.74,1135.705,2230,Rabi,199585
,chilli,JOGULAMBA,2020,16.79,42.73,540,3063,Rabi,274138.5
,chilli,KAMAREDDY,2020,13.45,42.33,1096.881818,3004,Rabi,268858
,chilli,KARIMNAGAR,2020,14.99,42.86,900.4125,2777,Rabi,248541.5
,chilli,KHAMMAM,2020,17.66,42.25,777.5047619,3078,Rabi,275481
,chilli,KOMARAM BHEEM,2020,12.65,42.13,1119.48,3245,Rabi,290427.5
,chilli,MAHABUBABAD,2020,16.19,42.95,938.4625,2590,Rabi,231805
,chilli,MAHABUBNAGAR,2020,15.42,42.19,579.4384615,2189,Rabi,195915.5
,chilli,MANCHERIAL,2020,14.15,42.94,1116.6,2373,Rabi,212383.5
,chilli,MEDAK,2020,13.57,42.09,1005.09,2318,Rabi,207461
,chilli,MEDCHAL MALKAJG,2020,15.78,41.72,946.8857143,2874,Rabi,257223
,chilli,NAGARKURNOOL,2020,15.79,42.24,543.63,2732,Rabi,244514
,chilli,NALGONDA,2020,17.13,42.72,785.216129,2272,Rabi,203344
,chilli,NIRMAL,2020,13.39,42.97,1247.821053,2648,Rabi,236996
,chilli,NIZAMABAD,2020,13.68,42.79,1252.888889,2176,Rabi,194752
,chilli,PEDDAPALLI,2020,14.89,42.81,941.8571429,3413,Rabi,305463.5
,chilli,RAJANNA,2020,13.15,42.95,1018.907692,2095,Rabi,187502.5
,chilli,RANGAREDDY,2020,14.39,41.39,635.7481481,3005,Rabi,268947.5
,chilli,SANGAREDDY,2020,12.83,41.8,942.6538462,3094,Rabi,276913
,chilli,SIDDIPET,2020,14.57,41.56,894.1818182,2907,Rabi,260176.5
,chilli,SURYAPET,2020,17.53,42.48,764.6434783,3347,Rabi,299556.5
,chilli,VIKARABAD,2020,14.04,41.63,943.2,3121,Rabi,279329.5
,chilli,WANAPARTHY,2020,17.18,42.46,572.2,2164,Rabi,193678
,chilli,WARANGAL RURAL,2020,15.17,42.37,1075.166667,2445,Rabi,218827.5
,chilli,WARANGAL URBAN,2020,15.79,42.57,1290.163636,2185,Rabi,195557.5
,chilli,YADADRI,2020,15.99,41.75,719.83125,2260,Rabi,202270
,chilli,ADILABAD,2019,12.69,41.62,848.3227778,1977,Rabi,168835.8
,chilli,BHADRADRI,2019,15.89,41.41,908.6626087,3214,Rabi,274475.6
,chilli,HYDERABAD,2019,17.67,39.85,774.113125,2248,Rabi,191979.2
,chilli,JAGTIAL,2019,13.49,42.14,540.5316667,2284,Rabi,195053.6
,chilli,JANGAON,2019,14.92,40.56,597.5669231,2460,Rabi,210084
,chilli,JAYASHANKAR,2019,13.76,42.04,815.85,2322,Rabi,198298.8
,chilli,JOGULAMBA,2019,16.42,40.7,525.2658333,1860,Rabi,158844
,chilli,KAMAREDDY,2019,13.21,40.59,757.7286364,2491,Rabi,212731.4
,chilli,KARIMNAGAR,2019,14.33,41.97,585.4225,2559,Rabi,218538.6
,chilli,KHAMMAM,2019,16.93,41.13,789.8538095,3281,Rabi,280197.4
,chilli,KOMARAM BHEEM,2019,12.73,41.52,654.488,2829,Rabi,241596.6
,chilli,MAHABUBABAD,2019,14.93,41.27,805.589375,3283,Rabi,280368.2
,chilli,MAHABUBNAGAR,2019,14.97,40.5,569.9465385,2999,Rabi,256114.6
,chilli,MANCHERIAL,2019,13.61,42.67,628.4933333,2907,Rabi,248257.8
,chilli,MEDAK,2019,13.78,40.25,563.8815,2946,Rabi,251588.4
,chilli,MEDCHAL MALKAJG,2019,15.64,40.28,804.51,2753,Rabi,235106.2
,chilli,NAGARKURNOOL,2019,15.29,39.95,422.9185,2088,Rabi,178315.2
,chilli,NALGONDA,2019,16.6,41.07,534.0377419,3242,Rabi,276866.8
,chilli,NIRMAL,2019,13.25,41.49,691.0947368,2602,Rabi,222210.8
,chilli,NIZAMABAD,2019,14.04,41.19,617.5703704,2472,Rabi,211108.8
,chilli,PEDDAPALLI,2019,13.76,42.17,549.5485714,3382,Rabi,288822.8
,chilli,RAJANNA,2019,12.78,41.48,526.4469231,2788,Rabi,238095.2
,chilli,RANGAREDDY,2019,14.6,39.61,578.7140741,2910,Rabi,248514
,chilli,SANGAREDDY,2019,13.57,39.79,661.6261538,2472,Rabi,211108.8
,chilli,SIDDIPET,2019,13.76,40.15,593.945,2989,Rabi,255260.6
,chilli,SURYAPET,2019,16.75,41.01,601.9147826,2058,Rabi,175753.2
,chilli,VIKARABAD,2019,14.1,40.01,521.8055556,2546,Rabi,217428.4
,chilli,WANAPARTHY,2019,16.49,40.71,504.1507143,1980,Rabi,169092
,chilli,WARANGAL RURAL,2019,14.67,41.3,834.2066667,2876,Rabi,245610.4
,chilli,WARANGAL URBAN,2019,14.9,41.37,674.2163636,2780,Rabi,237412
,chilli,YADADRI,2019,15.15,40.63,553.403125,3430,Rabi,292922
,chilli,ADILABAD,2018,12.46,41.66,884.2918056,1903,Rabi,144247.4
,chilli,BHADRADRI,2018,15.98,41.41,976.2786957,2605,Rabi,197459
,chilli,HYDERABAD,2018,17.75,39.8,635.1501563,1914,Rabi,145081.2
,chilli,JAGTIAL,2018,13.81,42.12,695.97875,1916,Rabi,145232.8
,chilli,JANGAON,2018,15.21,40.52,682.6244231,3086,Rabi,233918.8
,chilli,JAYASHANKAR,2018,13.75,42.09,973.075,2500,Rabi,189500
,chilli,JOGULAMBA,2018,16.6,40.57,453.645625,2076,Rabi,157360.8
,chilli,KAMAREDDY,2018,13.47,40.66,686.9798864,1860,Rabi,140988
,chilli,KARIMNAGAR,2018,14.29,41.84,646.7978125,2982,Rabi,226035.6
,chilli,KHAMMAM,2018,17.28,41.22,714.6277381,2532,Rabi,191925.6
,chilli,KOMARAM BHEEM,2018,12.41,41.67,857.882,1994,Rabi,151145.2
,chilli,MAHABUBABAD,2018,15.28,41.49,807.1160938,3078,Rabi,233312.4
,chilli,MAHABUBNAGAR,2018,15.48,40.06,474.7356731,1942,Rabi,147203.6
,chilli,MANCHERIAL,2018,13.37,42.55,831.5677778,3254,Rabi,246653.2
,chilli,MEDAK,2018,14.14,40.07,616.112875,3364,Rabi,254991.2
,chilli,MEDCHAL MALKAJG,2018,15.58,39.91,632.5989286,2682,Rabi,203295.6
,chilli,NAGARKURNOOL,2018,15.58,39.9,429.269625,2316,Rabi,175552.8
,chilli,NALGONDA,2018,17.15,41.18,546.1699194,3183,Rabi,241271.4
,chilli,NIRMAL,2018,13.33,41.83,803.0723684,3113,Rabi,235965.4
,chilli,NIZAMABAD,2018,14.22,41.39,703.7388889,3011,Rabi,228233.8
,chilli,PEDDAPALLI,2018,14.06,42.38,714.3871429,2920,Rabi,221336
,chilli,RAJANNA,2018,12.84,41.38,635.6290385,1864,Rabi,141291.2
,chilli,RANGAREDDY,2018,14.66,39.1,491.5461111,2433,Rabi,184421.4
,chilli,SANGAREDDY,2018,13.67,39.63,612.2584615,2197,Rabi,166532.6
,chilli,SIDDIPET,2018,13.8,39.92,597.5453409,2890,Rabi,219062
,chilli,SURYAPET,2018,17.51,41.36,585.3026087,2045,Rabi,155011
,chilli,VIKARABAD,2018,14.49,39.32,609.0333333,2437,Rabi,184724.6
,chilli,WANAPARTHY,2018,16.89,40.41,488.7001786,2263,Rabi,171535.4
,chilli,WARANGAL RURAL,2018,14.71,41.22,851.1166667,2911,Rabi,220653.8
,chilli,WARANGAL URBAN,2018,15.09,41.29,808.2336364,2276,Rabi,172520.8
,chilli,YADADRI,2018,15.31,40.33,513.0085938,2623,Rabi,198823.4
,chilli,ADILABAD,2022,12.46,41.66,1727.9,2481.688962,Rabi,226081.8644
,chilli,BHADRADRI,2022,15.98,41.41,1662.5,2818.65637,Rabi,256779.5953
,chilli,HYDERABAD,2022,17.75,39.8,1430.8,0,Rabi,0
,chilli,JAGTIAL,2022,13.81,42.12,1120.1,2577.095351,Rabi,234773.3865
,chilli,JANGAON,2022,15.21,40.52,1778,3016.878,Rabi,274837.5858
,chilli,JAYASHANKAR,2022,13.75,42.09,1424.4,3051.82269,Rabi,278021.0471
,chilli,JOGULAMBA,2022,16.6,40.57,1834.8,2956.113588,Rabi,269301.9479
,chilli,KAMAREDDY,2022,13.47,40.66,852.6,2638.480757,Rabi,240365.597
,chilli,KARIMNAGAR,2022,14.29,41.84,1462.8,2602.966379,Rabi,237130.2371
,chilli,KHAMMAM,2022,17.28,41.22,1559.9,1028.989027,Rabi,93740.90036
,chilli,KOMARAM BHEEM,2022,12.41,41.67,1144.5,2533.40887,Rabi,230793.5481
,chilli,MAHABUBABAD,2022,15.28,41.49,1963.9,2640.182766,Rabi,240520.65
,chilli,MAHABUBNAGAR,2022,15.48,40.06,1449.5,2849.859554,Rabi,259622.2054
,chilli,MANCHERIAL,2022,13.37,42.55,1082.6,3019.194523,Rabi,275048.621
,chilli,MEDAK,2022,14.14,40.07,1746.8,2855.202079,Rabi,260108.9094
,chilli,MEDCHAL MALKAJG,2022,15.58,39.91,1288.7,2508.771962,Rabi,228549.1257
,chilli,NAGARKURNOOL,2022,15.58,39.9,1224.3,2551.234109,Rabi,232417.4273
,chilli,NALGONDA,2022,17.15,41.18,969.9,860.279412,Rabi,78371.45443
,chilli,NIRMAL,2022,13.33,41.83,887.7,695.9992899,Rabi,63405.53531
,chilli,NIZAMABAD,2022,14.22,41.39,1861.6,2833.709938,Rabi,258150.9754
,chilli,PEDDAPALLI,2022,14.06,42.38,1760.8,2913.225336,Rabi,265394.8281
,chilli,RAJANNA,2022,12.84,41.38,1654.3,2730.065787,Rabi,248708.9932
,chilli,RANGAREDDY,2022,14.66,39.1,1455.8,2787.954398,Rabi,253982.6457
,chilli,SANGAREDDY,2022,13.67,39.63,1128.9,2776.131996,Rabi,252905.6248
,chilli,SIDDIPET,2022,13.8,39.92,1233.8,2814.890103,Rabi,256436.4884
,chilli,SURYAPET,2022,17.51,41.36,1278.8,1008.914469,Rabi,91912.10813
,chilli,VIKARABAD,2022,14.49,39.32,997.7,2843.792774,Rabi,259069.5217
,chilli,WANAPARTHY,2022,16.89,40.41,1199.4,3268.014358,Rabi,297716.108
,chilli,WARANGAL RURAL,2022,14.71,41.22,1430,3022.153358,Rabi,275318.1709
,chilli,WARANGAL URBAN,2022,15.09,41.29,1493.8,2989.721152,Rabi,272363.5969
,chilli,YADADRI,2022,15.31,40.33,991.4,2764.978602,Rabi,251889.5506
,bengal gram,ADILABAD,2022,12.46,41.66,1727.9,1458.688207,Rabi,76289.39323
,bengal gram,BHADRADRI,2022,15.98,41.41,1662.5,1564.445431,Rabi,81820.49604
,bengal gram,HYDERABAD,2022,17.75,39.8,1430.8,0,Rabi,0
,bengal gram,JAGTIAL,2022,13.81,42.12,1120.1,1482.046081,Rabi,77511.01004
,bengal gram,JANGAON,2022,15.21,40.52,1778,1719.592877,Rabi,89934.70747
,bengal gram,JAYASHANKAR,2022,13.75,42.09,1424.4,1748.728649,Rabi,91458.50834
,bengal gram,JOGULAMBA,2022,16.6,40.57,1834.8,1316.240087,Rabi,68839.35655
,bengal gram,KAMAREDDY,2022,13.47,40.66,852.6,1575.391602,Rabi,82392.98078
,bengal gram,KARIMNAGAR,2022,14.29,41.84,1462.8,1431.041487,Rabi,74843.46977
,bengal gram,KHAMMAM,2022,17.28,41.22,1559.9,321.4824798,Rabi,16813.53369
,bengal gram,KOMARAM BHEEM,2022,12.41,41.67,1144.5,1344.917294,Rabi,70339.17448
,bengal gram,MAHABUBABAD,2022,15.28,41.49,1963.9,1371.252055,Rabi,71716.48248
,bengal gram,MAHABUBNAGAR,2022,15.48,40.06,1449.5,1638.986303,Rabi,85718.98365
,bengal gram,MANCHERIAL,2022,13.37,42.55,1082.6,1783.547866,Rabi,93279.55339
,bengal gram,MEDAK,2022,14.14,40.07,1746.8,1697.99696,Rabi,88805.24101
,bengal gram,MEDCHAL MALKAJG,2022,15.58,39.91,1288.7,1226.381817,Rabi,64139.76903
,bengal gram,NAGARKURNOOL,2022,15.58,39.9,1224.3,1215.461375,Rabi,63568.62991
,bengal gram,NALGONDA,2022,17.15,41.18,969.9,0,Rabi,0
,bengal gram,NIRMAL,2022,13.33,41.83,887.7,1529.242383,Rabi,79979.37663
,bengal gram,NIZAMABAD,2022,14.22,41.39,1861.6,1676.504819,Rabi,87681.20203
,bengal gram,PEDDAPALLI,2022,14.06,42.38,1760.8,1698.780624,Rabi,88846.22664
,bengal gram,RAJANNA,2022,12.84,41.38,1654.3,1568.593991,Rabi,82037.46573
,bengal gram,RANGAREDDY,2022,14.66,39.1,1455.8,1602.570072,Rabi,83814.41477
,bengal gram,SANGAREDDY,2022,13.67,39.63,1128.9,1718.170755,Rabi,89860.33049
,bengal gram,SIDDIPET,2022,13.8,39.92,1233.8,1647.640083,Rabi,86171.57634
,bengal gram,SURYAPET,2022,17.51,41.36,1278.8,341.557038,Rabi,17863.43309
,bengal gram,VIKARABAD,2022,14.49,39.32,997.7,1739.360004,Rabi,90968.52821
,bengal gram,WANAPARTHY,2022,16.89,40.41,1199.4,1574.75827,Rabi,82359.85752
,bengal gram,WARANGAL RURAL,2022,14.71,41.22,1430,1864.948239,Rabi,97536.7929
,bengal gram,WARANGAL URBAN,2022,15.09,41.29,1493.8,1750.841158,Rabi,91568.99256
,bengal gram,YADADRI,2022,15.31,40.33,991.4,1614.860269,Rabi,84457.19207
,paddy,ADILABAD,2022,12.46,41.66,1727.9,33817.89754,Kharif,689885.1098
,paddy,BHADRADRI,2022,15.98,41.41,1662.5,37076.65852,Kharif,756363.8338
,paddy,HYDERABAD,2022,17.75,39.8,1430.8,22099.41189,Kharif,450828.0026
,paddy,JAGTIAL,2022,13.81,42.12,1120.1,36315.20605,Kharif,740830.2034
,paddy,JANGAON,2022,15.21,40.52,1778,37108.84512,Kharif,757020.4404
,paddy,JAYASHANKAR,2022,13.75,42.09,1424.4,38353.12691,Kharif,782403.789
,paddy,JOGULAMBA,2022,16.6,40.57,1834.8,37706.35855,Kharif,769209.7144
,paddy,KAMAREDDY,2022,13.47,40.66,852.6,32936.22578,Kharif,671899.0059
,paddy,KARIMNAGAR,2022,14.29,41.84,1462.8,35622.85259,Kharif,726706.1928
,paddy,KHAMMAM,2022,17.28,41.22,1559.9,27916.09084,Kharif,569488.2531
,paddy,KOMARAM BHEEM,2022,12.41,41.67,1144.5,34336.17408,Kharif,700457.9512
,paddy,MAHABUBABAD,2022,15.28,41.49,1963.9,36959.77795,Kharif,753979.4702
,paddy,MAHABUBNAGAR,2022,15.48,40.06,1449.5,37019.05659,Kharif,755188.7544
,paddy,MANCHERIAL,2022,13.37,42.55,1082.6,37355.17737,Kharif,762045.6183
,paddy,MEDAK,2022,14.14,40.07,1746.8,36874.56079,Kharif,752241.0401
,paddy,MEDCHAL MALKAJG,2022,15.58,39.91,1288.7,35773.07555,Kharif,729770.7412
,paddy,NAGARKURNOOL,2022,15.58,39.9,1224.3,35173.9454,Kharif,717548.4862
,paddy,NALGONDA,2022,17.15,41.18,969.9,27041.20941,Kharif,551640.672
,paddy,NIRMAL,2022,13.33,41.83,887.7,24752.28932,Kharif,504946.7021
,paddy,NIZAMABAD,2022,14.22,41.39,1861.6,37219.18401,Kharif,759271.3538
,paddy,PEDDAPALLI,2022,14.06,42.38,1760.8,37898.1652,Kharif,773122.5701
,paddy,RAJANNA,2022,12.84,41.38,1654.3,37729.04356,Kharif,769672.4886
,paddy,RANGAREDDY,2022,14.66,39.1,1455.8,36653.46462,Kharif,747730.6782
,paddy,SANGAREDDY,2022,13.67,39.63,1128.9,37691.42084,Kharif,768904.9851
,paddy,SIDDIPET,2022,13.8,39.92,1233.8,36325.83145,Kharif,741046.9616
,paddy,SURYAPET,2022,17.51,41.36,1278.8,28664.99454,Kharif,584765.8886
,paddy,VIKARABAD,2022,14.49,39.32,997.7,37402.39415,Kharif,763008.8407
,paddy,WANAPARTHY,2022,16.89,40.41,1199.4,39397.78294,Kharif,803714.772
,paddy,WARANGAL RURAL,2022,14.71,41.22,1430,36832.94516,Kharif,751392.0813
,paddy,WARANGAL URBAN,2022,15.09,41.29,1493.8,36324.08955,Kharif,741011.4268
,paddy,YADADRI,2022,15.31,40.33,991.4,35926.4149,Kharif,732898.864
,maize,ADILABAD,2022,12.46,41.66,1727.9,5525.083691,Kharif,108291.6403
,maize,BHADRADRI,2022,15.98,41.41,1662.5,5162.600977,Kharif,101186.9791
,maize,HYDERABAD,2022,17.75,39.8,1430.8,0,Kharif,0
,maize,JAGTIAL,2022,13.81,42.12,1120.1,5217.642283,Kharif,102265.7887
,maize,JANGAON,2022,15.21,40.52,1778,5922.651445,Kharif,116083.9683
,maize,JAYASHANKAR,2022,13.75,42.09,1424.4,6250.728709,Kharif,122514.2827
,maize,JOGULAMBA,2022,16.6,40.57,1834.8,5186.011357,Kharif,101645.8226
,maize,KAMAREDDY,2022,13.47,40.66,852.6,5402.687218,Kharif,105892.6695
,maize,KARIMNAGAR,2022,14.29,41.84,1462.8,5646.361108,Kharif,110668.6777
,maize,KHAMMAM,2022,17.28,41.22,1559.9,3441.06725,Kharif,67444.9181
,maize,KOMARAM BHEEM,2022,12.41,41.67,1144.5,5173.955802,Kharif,101409.5337
,maize,MAHABUBABAD,2022,15.28,41.49,1963.9,4969.407601,Kharif,97400.38898
,maize,MAHABUBNAGAR,2022,15.48,40.06,1449.5,3279.763781,Kharif,64283.37011
,maize,MANCHERIAL,2022,13.37,42.55,1082.6,5694.774163,Kharif,111617.5736
,maize,MEDAK,2022,14.14,40.07,1746.8,4096.91592,Kharif,80299.55203
,maize,MEDCHAL MALKAJG,2022,15.58,39.91,1288.7,2867.159296,Kharif,56196.3222
,maize,NAGARKURNOOL,2022,15.58,39.9,1224.3,2315.546459,Kharif,45384.7106
,maize,NALGONDA,2022,17.15,41.18,969.9,2869.509838,Kharif,56242.39282
,maize,NIRMAL,2022,13.33,41.83,887.7,5336.546222,Kharif,104596.306
,maize,NIZAMABAD,2022,14.22,41.39,1861.6,5959.958055,Kharif,116815.1779
,maize,PEDDAPALLI,2022,14.06,42.38,1760.8,6018.022703,Kharif,117953.245
,maize,RAJANNA,2022,12.84,41.38,1654.3,5856.313904,Kharif,114783.7525
,maize,RANGAREDDY,2022,14.66,39.1,1455.8,3132.706908,Kharif,61401.0554
,maize,SANGAREDDY,2022,13.67,39.63,1128.9,3481.642424,Kharif,68240.19151
,maize,SIDDIPET,2022,13.8,39.92,1233.8,3556.116428,Kharif,69699.88199
,maize,SURYAPET,2022,17.51,41.36,1278.8,3420.992692,Kharif,67051.45676
,maize,VIKARABAD,2022,14.49,39.32,997.7,3393.791912,Kharif,66518.32148
,maize,WANAPARTHY,2022,16.89,40.41,1199.4,3594.287368,Kharif,70448.03241
,maize,WARANGAL RURAL,2022,14.71,41.22,1430,6148.401475,Kharif,120508.6689
,maize,WARANGAL URBAN,2022,15.09,41.29,1493.8,6115.96927,Kharif,119872.9977
,maize,YADADRI,2022,15.31,40.33,991.4,3091.251611,Kharif,60588.53158
,groundnut,ADILABAD,2022,12.46,41.66,1727.9,2122.363815,Kharif,124158.2832
,groundnut,BHADRADRI,2022,15.98,41.41,1662.5,2373.768369,Kharif,138865.4496
,groundnut,HYDERABAD,2022,17.75,39.8,1430.8,0,Kharif,0
,groundnut,JAGTIAL,2022,13.81,42.12,1120.1,2097.378433,Kharif,122696.6383
,groundnut,JANGAON,2022,15.21,40.52,1778,2571.989999,Kharif,150461.4149
,groundnut,JAYASHANKAR,2022,13.75,42.09,1424.4,2692.497543,Kharif,157511.1063
,groundnut,JOGULAMBA,2022,16.6,40.57,1834.8,2511.225586,Kharif,146906.6968
,groundnut,KAMAREDDY,2022,13.47,40.66,852.6,2173.483613,Kharif,127148.7914
,groundnut,KARIMNAGAR,2022,14.29,41.84,1462.8,2243.641232,Kharif,131253.0121
,groundnut,KHAMMAM,2022,17.28,41.22,1559.9,812.7221612,Kharif,47544.24643
,groundnut,KOMARAM BHEEM,2022,12.41,41.67,1144.5,2053.691953,Kharif,120140.9793
,groundnut,MAHABUBABAD,2022,15.28,41.49,1963.9,2180.574993,Kharif,127563.6371
,groundnut,MAHABUBNAGAR,2022,15.48,40.06,1449.5,2404.971553,Kharif,140690.8359
,groundnut,MANCHERIAL,2022,13.37,42.55,1082.6,2490.20555,Kharif,145677.0247
,groundnut,MEDAK,2022,14.14,40.07,1746.8,2510.596705,Kharif,146869.9072
,groundnut,MEDCHAL MALKAJG,2022,15.58,39.91,1288.7,1992.367067,Kharif,116553.4734
,groundnut,NAGARKURNOOL,2022,15.58,39.9,1224.3,1914.437444,Kharif,111994.5905
,groundnut,NALGONDA,2022,17.15,41.18,969.9,523.6207765,Kharif,30631.81543
,groundnut,NIRMAL,2022,13.33,41.83,887.7,2216.282373,Kharif,129652.5188
,groundnut,NIZAMABAD,2022,14.22,41.39,1861.6,2489.104563,Kharif,145612.6169
,groundnut,PEDDAPALLI,2022,14.06,42.38,1760.8,2530.998063,Kharif,148063.3867
,groundnut,RAJANNA,2022,12.84,41.38,1654.3,2385.460412,Kharif,139549.4341
,groundnut,RANGAREDDY,2022,14.66,39.1,1455.8,2382.675653,Kharif,139386.5257
,groundnut,SANGAREDDY,2022,13.67,39.63,1128.9,2311.134851,Kharif,135201.3888
,groundnut,SIDDIPET,2022,13.8,39.92,1233.8,2349.892959,Kharif,137468.7381
,groundnut,SURYAPET,2022,17.51,41.36,1278.8,792.6476031,Kharif,46369.88478
,groundnut,VIKARABAD,2022,14.49,39.32,997.7,2378.795629,Kharif,139159.5443
,groundnut,WANAPARTHY,2022,16.89,40.41,1199.4,2702.734587,Kharif,158109.9733
,groundnut,WARANGAL RURAL,2022,14.71,41.22,1430,2677.547983,Kharif,156636.557
,groundnut,WARANGAL URBAN,2022,15.09,41.29,1493.8,2645.115778,Kharif,154739.273
,groundnut,YADADRI,2022,15.31,40.33,991.4,2199.698831,Kharif,128682.3816
,chilli,ADILABAD,2021,12.34,42.66,1271.2,2762.484118,Rabi,245032.3413
,chilli,BHADRADRI,2021,16.42,42.65,1213.8,2880.506149,Rabi,255500.8954
,chilli,HYDERABAD,2021,17.52,41.88,793.6,2076.02762,Rabi,184143.6499
,chilli,JAGTIAL,2021,12.84,43.34,1133,2599.510191,Rabi,230576.5539
,chilli,JANGAON,2021,15.99,41.87,889.4,2388.114255,Rabi,211825.7344
,chilli,JAYASHANKAR,2021,14.45,42.74,1343.3,2675.008605,Rabi,237273.2633
,chilli,JOGULAMBA,2021,16.79,42.73,385.3,1959.178234,Rabi,173779.1094
,chilli,KAMAREDDY,2021,13.45,42.33,1038.2,2625.026768,Rabi,232839.8743
,chilli,KARIMNAGAR,2021,14.99,42.86,1006.9,2843.176357,Rabi,252189.7429
,chilli,KHAMMAM,2021,17.66,42.25,817.9,2473.785322,Rabi,219424.7581
,chilli,KOMARAM BHEEM,2021,12.65,42.13,1209.9,2765.195035,Rabi,245272.7996
,chilli,MAHABUBABAD,2021,16.19,42.95,936.5,2576.322687,Rabi,228519.8223
,chilli,MAHABUBNAGAR,2021,15.42,42.19,572.5,2179.311957,Rabi,193304.9706
,chilli,MANCHERIAL,2021,14.15,42.94,1049,2797.480184,Rabi,248136.4923
,chilli,MEDAK,2021,13.57,42.09,1028.3,2434.538229,Rabi,215943.5409
,chilli,MEDCHAL MALKAJG,2021,15.78,41.72,793.4,2211.746681,Rabi,196181.9306
,chilli,NAGARKURNOOL,2021,15.79,42.24,442.1,1765.424308,Rabi,156593.1361
,chilli,NALGONDA,2021,17.13,42.72,531.5,1824.741996,Rabi,161854.615
,chilli,NIRMAL,2021,13.39,42.97,1306.9,2703.346864,Rabi,239786.8668
,chilli,NIZAMABAD,2021,13.68,42.79,1242.9,2684.634735,Rabi,238127.101
,chilli,PEDDAPALLI,2021,14.89,42.81,1079.6,2739.233055,Rabi,242969.972
,chilli,RAJANNA,2021,13.15,42.95,1102.7,2525.908507,Rabi,224048.0846
,chilli,RANGAREDDY,2021,14.39,41.39,657.5,2768.973183,Rabi,245607.9213
,chilli,SANGAREDDY,2021,12.83,41.8,907.5,2509.470446,Rabi,222590.0286
,chilli,SIDDIPET,2021,14.57,41.56,911,2740.592921,Rabi,243090.5921
,chilli,SURYAPET,2021,17.53,42.48,637.7,2566.60609,Rabi,227657.9602
,chilli,VIKARABAD,2021,14.04,41.63,826.8,2624.324112,Rabi,232777.5487
,chilli,WANAPARTHY,2021,17.18,42.46,538.8,1994.202086,Rabi,176885.725
,chilli,WARANGAL RURAL,2021,15.17,42.37,1161.1,3095.167458,Rabi,274541.3535
,chilli,WARANGAL URBAN,2021,15.79,42.57,1120.5,2456.840747,Rabi,217921.7743
,chilli,YADADRI,2021,15.99,41.75,780,2394.144508,Rabi,212360.6179
,bengal gram,ADILABAD,2021,12.34,42.66,1271.2,1509.773124,Rabi,78961.13439
,bengal gram,BHADRADRI,2021,16.42,42.65,1213.8,1048.510875,Rabi,54837.11876
,bengal gram,HYDERABAD,2021,17.52,41.88,793.6,1154.222435,Rabi,60365.83335
,bengal gram,JAGTIAL,2021,12.84,43.34,1133,1376.174831,Rabi,71973.94366
,bengal gram,JANGAON,2021,15.99,41.87,889.4,1162.029188,Rabi,60774.12653
,bengal gram,JAYASHANKAR,2021,14.45,42.74,1343.3,1468.962415,Rabi,76826.7343
,bengal gram,JOGULAMBA,2021,16.79,42.73,385.3,610.2408965,Rabi,31915.59889
,bengal gram,KAMAREDDY,2021,13.45,42.33,1038.2,1504.698019,Rabi,78695.70639
,bengal gram,KARIMNAGAR,2021,14.99,42.86,1006.9,1556.666714,Rabi,81413.66914
,bengal gram,KHAMMAM,2021,17.66,42.25,817.9,1453.213922,Rabi,76003.08812
,bengal gram,KOMARAM BHEEM,2021,12.65,42.13,1209.9,1665.909565,Rabi,87127.07025
,bengal gram,MAHABUBABAD,2021,16.19,42.95,936.5,1226.218206,Rabi,64131.21217
,bengal gram,MAHABUBNAGAR,2021,15.42,42.19,572.5,1047.818122,Rabi,54800.88778
,bengal gram,MANCHERIAL,2021,14.15,42.94,1049,1510.970541,Rabi,79023.75929
,bengal gram,MEDAK,2021,13.57,42.09,1028.3,1356.729301,Rabi,70956.94244
,bengal gram,MEDCHAL MALKAJG,2021,15.78,41.72,793.4,1103.154972,Rabi,57695.00504
,bengal gram,NAGARKURNOOL,2021,15.79,42.24,442.1,578.8512203,Rabi,30273.91882
,bengal gram,NALGONDA,2021,17.13,42.72,531.5,608.8716251,Rabi,31843.98599
,bengal gram,NIRMAL,2021,13.39,42.97,1306.9,1493.033997,Rabi,78085.67804
,bengal gram,NIZAMABAD,2021,13.68,42.79,1242.9,1404.236526,Rabi,73441.57031
,bengal gram,PEDDAPALLI,2021,14.89,42.81,1079.6,1452.723412,Rabi,75977.43445
,bengal gram,RAJANNA,2021,13.15,42.95,1102.7,1302.573147,Rabi,68124.57559
,bengal gram,RANGAREDDY,2021,14.39,41.39,657.5,1677.449121,Rabi,87730.58903
,bengal gram,SANGAREDDY,2021,12.83,41.8,907.5,1373.586459,Rabi,71838.57181
,bengal gram,SIDDIPET,2021,14.57,41.56,911,1578.102691,Rabi,82534.77074
,bengal gram,SURYAPET,2021,17.53,42.48,637.7,1333.707663,Rabi,69752.91077
,bengal gram,VIKARABAD,2021,14.04,41.63,826.8,1461.833882,Rabi,76453.91203
,bengal gram,WANAPARTHY,2021,17.18,42.46,538.8,833.4613788,Rabi,43590.03011
,bengal gram,WARANGAL RURAL,2021,15.17,42.37,1161.1,1613.44614,Rabi,84383.23312
,bengal gram,WARANGAL URBAN,2021,15.79,42.57,1120.5,1261.931017,Rabi,65998.99219
,bengal gram,YADADRI,2021,15.99,41.75,780,1224.305836,Rabi,64031.19522
,paddy,ADILABAD,2021,12.34,42.66,1271.2,33444.19128,Kharif,648817.3108
,paddy,BHADRADRI,2021,16.42,42.65,1213.8,37954.71245,Kharif,736321.4215
,paddy,HYDERABAD,2021,17.52,41.88,793.6,28800.47231,Kharif,558729.1628
,paddy,JAGTIAL,2021,12.84,43.34,1133,37194.49685,Kharif,721573.2389
,paddy,JANGAON,2021,15.99,41.87,889.4,24808.79297,Kharif,481290.5836
,paddy,JAYASHANKAR,2021,14.45,42.74,1343.3,35331.84575,Kharif,685437.8076
,paddy,JOGULAMBA,2021,16.79,42.73,385.3,33612.72007,Kharif,652086.7694
,paddy,KAMAREDDY,2021,13.45,42.33,1038.2,35854.69026,Kharif,695580.991
,paddy,KARIMNAGAR,2021,14.99,42.86,1006.9,36088.94676,Kharif,700125.5671
,paddy,KHAMMAM,2021,17.66,42.25,817.9,37287.18194,Kharif,723371.3296
,paddy,KOMARAM BHEEM,2021,12.65,42.13,1209.9,38125.74559,Kharif,739639.4644
,paddy,MAHABUBABAD,2021,16.19,42.95,936.5,36798.26409,Kharif,713886.3233
,paddy,MAHABUBNAGAR,2021,15.42,42.19,572.5,36424.21808,Kharif,706629.8308
,paddy,MANCHERIAL,2021,14.15,42.94,1049,35271.07128,Kharif,684258.7828
,paddy,MEDAK,2021,13.57,42.09,1028.3,35328.25938,Kharif,685368.232
,paddy,MEDCHAL MALKAJG,2021,15.78,41.72,793.4,34325.11287,Kharif,665907.1897
,paddy,NAGARKURNOOL,2021,15.79,42.24,442.1,35899.63799,Kharif,696452.977
,paddy,NALGONDA,2021,17.13,42.72,531.5,30665.37974,Kharif,594908.367
,paddy,NIRMAL,2021,13.39,42.97,1306.9,37498.61242,Kharif,727473.0809
,paddy,NIZAMABAD,2021,13.68,42.79,1242.9,35880.1474,Kharif,696074.8596
,paddy,PEDDAPALLI,2021,14.89,42.81,1079.6,35617.26652,Kharif,690974.9705
,paddy,RAJANNA,2021,13.15,42.95,1102.7,37120.89517,Kharif,720145.3663
,paddy,RANGAREDDY,2021,14.39,41.39,657.5,35668.0833,Kharif,691960.816
,paddy,SANGAREDDY,2021,12.83,41.8,907.5,35919.98651,Kharif,696847.7383
,paddy,SIDDIPET,2021,14.57,41.56,911,35694.46861,Kharif,692472.691
,paddy,SURYAPET,2021,17.53,42.48,637.7,32094.04101,Kharif,622624.3956
,paddy,VIKARABAD,2021,14.04,41.63,826.8,34544.47928,Kharif,670162.898
,paddy,WANAPARTHY,2021,17.18,42.46,538.8,33012.96877,Kharif,640451.5941
,paddy,WARANGAL RURAL,2021,15.17,42.37,1161.1,37529.14805,Kharif,728065.4722
,paddy,WARANGAL URBAN,2021,15.79,42.57,1120.5,36750.50423,Kharif,712959.7821
,paddy,YADADRI,2021,15.99,41.75,780,35353.13676,Kharif,685850.8531
,maize,ADILABAD,2021,12.34,42.66,1271.2,5438.063758,Kharif,101691.7923
,maize,BHADRADRI,2021,16.42,42.65,1213.8,4841.915895,Kharif,90543.82724
,maize,HYDERABAD,2021,17.52,41.88,793.6,4143.513148,Kharif,77483.69587
,maize,JAGTIAL,2021,12.84,43.34,1133,5275.089831,Kharif,98644.17984
,maize,JANGAON,2021,15.99,41.87,889.4,4314.491293,Kharif,80680.98718
,maize,JAYASHANKAR,2021,14.45,42.74,1343.3,5753.436042,Kharif,107589.254
,maize,JOGULAMBA,2021,16.79,42.73,385.3,3283.065541,Kharif,61393.32562
,maize,KAMAREDDY,2021,13.45,42.33,1038.2,5326.976337,Kharif,99614.4575
,maize,KARIMNAGAR,2021,14.99,42.86,1006.9,5518.755997,Kharif,103200.7371
,maize,KHAMMAM,2021,17.66,42.25,817.9,4493.733732,Kharif,84032.82079
,maize,KOMARAM BHEEM,2021,12.65,42.13,1209.9,5467.144604,Kharif,102235.6041
,maize,MAHABUBABAD,2021,16.19,42.95,936.5,4537.732433,Kharif,84855.5965
,maize,MAHABUBNAGAR,2021,15.42,42.19,572.5,3635.898197,Kharif,67991.29628
,maize,MANCHERIAL,2021,14.15,42.94,1049,5473.059824,Kharif,102346.2187
,maize,MEDAK,2021,13.57,42.09,1028.3,5075.085161,Kharif,94904.09251
,maize,MEDCHAL MALKAJG,2021,15.78,41.72,793.4,4247.063474,Kharif,79420.08696
,maize,NAGARKURNOOL,2021,15.79,42.24,442.1,3115.681544,Kharif,58263.24487
,maize,NALGONDA,2021,17.13,42.72,531.5,3021.274756,Kharif,56497.83794
,maize,NIRMAL,2021,13.39,42.97,1306.9,5781.774301,Kharif,108119.1794
,maize,NIZAMABAD,2021,13.68,42.79,1242.9,5515.725666,Kharif,103144.07
,maize,PEDDAPALLI,2021,14.89,42.81,1079.6,5414.812696,Kharif,101256.9974
,maize,RAJANNA,2021,13.15,42.95,1102.7,5201.488148,Kharif,97267.82837
,maize,RANGAREDDY,2021,14.39,41.39,657.5,5474.54969,Kharif,102374.0792
,maize,SANGAREDDY,2021,12.83,41.8,907.5,5150.017378,Kharif,96305.32497
,maize,SIDDIPET,2021,14.57,41.56,911,5381.139853,Kharif,100627.3153
,maize,SURYAPET,2021,17.53,42.48,637.7,4433.421003,Kharif,82904.97276
,maize,VIKARABAD,2021,14.04,41.63,826.8,5373.810799,Kharif,100490.2619
,maize,WANAPARTHY,2021,17.18,42.46,538.8,3190.734846,Kharif,59666.74162
,maize,WARANGAL RURAL,2021,15.17,42.37,1161.1,5797.117028,Kharif,108406.0884
,maize,WARANGAL URBAN,2021,15.79,42.57,1120.5,4418.250493,Kharif,82621.28422
,maize,YADADRI,2021,15.99,41.75,780,4429.461301,Kharif,82830.92633
,groundnut,ADILABAD,2021,12.34,42.66,1271.2,2233.495146,Kharif,123958.9806
,groundnut,BHADRADRI,2021,16.42,42.65,1213.8,2251.23455,Kharif,124943.5175
,groundnut,HYDERABAD,2021,17.52,41.88,793.6,1427.445605,Kharif,79223.23108
,groundnut,JAGTIAL,2021,12.84,43.34,1133,2070.521219,Kharif,114913.9277
,groundnut,JANGAON,2021,15.99,41.87,889.4,1808.114711,Kharif,100350.3665
,groundnut,JAYASHANKAR,2021,14.45,42.74,1343.3,2266.411403,Kharif,125785.8329
,groundnut,JOGULAMBA,2021,16.79,42.73,385.3,1735.154978,Kharif,96301.10128
,groundnut,KAMAREDDY,2021,13.45,42.33,1038.2,2122.407725,Kharif,117793.6287
,groundnut,KARIMNAGAR,2021,14.99,42.86,1006.9,2314.187384,Kharif,128437.3998
,groundnut,KHAMMAM,2021,17.66,42.25,817.9,1802.301182,Kharif,100027.7156
,groundnut,KOMARAM BHEEM,2021,12.65,42.13,1209.9,2262.575992,Kharif,125572.9676
,groundnut,MAHABUBABAD,2021,16.19,42.95,936.5,1947.051088,Kharif,108061.3354
,groundnut,MAHABUBNAGAR,2021,15.42,42.19,572.5,1668.581351,Kharif,92606.26498
,groundnut,MANCHERIAL,2021,14.15,42.94,1049,2268.491212,Kharif,125901.2623
,groundnut,MEDAK,2021,13.57,42.09,1028.3,1954.821312,Kharif,108492.5828
,groundnut,MEDCHAL MALKAJG,2021,15.78,41.72,793.4,1604.533173,Kharif,89051.5911
,groundnut,NAGARKURNOOL,2021,15.79,42.24,442.1,1640.377703,Kharif,91040.96252
,groundnut,NALGONDA,2021,17.13,42.72,531.5,1362.666569,Kharif,75627.99458
,groundnut,NIRMAL,2021,13.39,42.97,1306.9,2294.749661,Kharif,127358.6062
,groundnut,NIZAMABAD,2021,13.68,42.79,1242.9,2155.645763,Kharif,119638.3398
,groundnut,PEDDAPALLI,2021,14.89,42.81,1079.6,2210.244083,Kharif,122668.5466
,groundnut,RAJANNA,2021,13.15,42.95,1102.7,1996.919535,Kharif,110829.0342
,groundnut,RANGAREDDY,2021,14.39,41.39,657.5,2276.762074,Kharif,126360.2951
,groundnut,SANGAREDDY,2021,12.83,41.8,907.5,2029.753528,Kharif,112651.3208
,groundnut,SIDDIPET,2021,14.57,41.56,911,2260.876004,Kharif,125478.6182
,groundnut,SURYAPET,2021,17.53,42.48,637.7,1868.752021,Kharif,103715.7372
,groundnut,VIKARABAD,2021,14.04,41.63,826.8,2144.607194,Kharif,119025.6993
,groundnut,WANAPARTHY,2021,17.18,42.46,538.8,1532.126659,Kharif,85033.02957
,groundnut,WARANGAL RURAL,2021,15.17,42.37,1161.1,2592.548415,Kharif,143886.437
,groundnut,WARANGAL URBAN,2021,15.79,42.57,1120.5,1827.569148,Kharif,101430.0877
,groundnut,YADADRI,2021,15.99,41.75,780,1786.931,Kharif,99174.6705
